repeat,seed,n_features,train_acc,train_acc_balanced,train_auc,train_f1_macro,train_f1_weighted,val_acc,val_acc_balanced,val_auc,val_f1_macro,val_f1_weighted
10,42,345,0.9842207701932434,0.9922073713440969,0.9999294438313063,0.8931966034465791,0.9876516023919869,0.9832124352331606,0.937253749709925,0.9997941442340746,0.881503324775776,0.9862784288700234
10,42,344,0.9849158904490477,0.9916404801465452,0.9999200883984668,0.8913325549690883,0.9880729754016486,0.9830051813471503,0.9370647406725616,0.9997980602526306,0.8703515391746337,0.9862688152821389
10,42,343,0.9840122341165022,0.9909324955011415,0.9999261226858607,0.8850669203370376,0.987215604126301,0.9836269430051814,0.9372256095312332,0.9996622131376124,0.8818979252118686,0.9868413633582952
10,42,342,0.9821354094258307,0.9906439846966962,0.9999113413168966,0.859449786372424,0.9859411652124666,0.9819689119170985,0.9369276627534033,0.9995877631377238,0.8730781005335251,0.9853673090654771
10,42,341,0.9833866258862783,0.9907510632129195,0.9999234148679886,0.8818425684216905,0.9873552088972188,0.9848704663212435,0.9375223804241145,0.9996867881171277,0.8740282062148651,0.9881321412558739
10,42,340,0.9829695537327958,0.9913645891381946,0.9999147291319733,0.8923280229017511,0.9864210046203867,0.9830051813471503,0.9373025724118846,0.9997199949367951,0.8835714760348573,0.9862651743899665
10,42,339,0.9844293062699847,0.9938908381919639,0.9999210323350975,0.8714393802529792,0.9879928572004919,0.983419689119171,0.9372700829940144,0.9998131235338842,0.8658641694083967,0.9868442421778795
10,42,338,0.9815098011956068,0.9911337512136447,0.999913178049855,0.8555129185779137,0.9861939713552424,0.9813471502590674,0.936964436472468,0.9997338613070526,0.859588670838813,0.9855308790196127
10,42,337,0.9847768663978869,0.9913493474151835,0.9999205005885115,0.8925283606521881,0.9880321925212017,0.9852849740932642,0.9375974107734693,0.999701558611503,0.8878920709603506,0.9877137141752991
10,42,336,0.984637842346726,0.9917602516228047,0.99993077376057,0.8849698823827968,0.9886850044524791,0.9825906735751295,0.9570971651524477,0.9997689920847526,0.878680731738376,0.9865764942983571
10,42,335,0.9840122341165022,0.9915821672879472,0.9999148649854794,0.8862763302804434,0.9876519740441568,0.9842487046632125,0.9373930022486726,0.9998582984427518,0.8811471783712457,0.9875768426422868
10,42,334,0.983178089809537,0.9914070999917963,0.999914444959817,0.870093769031303,0.9868851570120244,0.9827979274611399,0.9372123846633894,0.9997710866385199,0.8801734355315225,0.9860462297199426
10,42,333,0.9847073543723064,0.9921533136681827,0.9999233276521582,0.8922416259789204,0.9877872712901332,0.9844559585492227,0.9374451754551704,0.9997429449814169,0.8813547233084986,0.9869617024763402
10,42,332,0.983178089809537,0.9920566114748155,0.9999214620701059,0.8899346262287969,0.9866693538337022,0.9817616580310881,0.9369406455329546,0.9997142944595256,0.875933543221702,0.9850329888109064
10,42,331,0.9835951619630195,0.992037739074156,0.9999280352795336,0.8942362169680054,0.9874225404012691,0.9821761658031088,0.9370471665655393,0.9997285399781891,0.8756133740601946,0.9858550416850421
10,42,330,0.9856805227304324,0.9915347573283878,0.9999205801490979,0.9003154766806648,0.9883439166839513,0.9846632124352331,0.9374658579784382,0.9997540450085987,0.8808250188277574,0.987319642476937
10,42,329,0.9847073543723064,0.9910545050099632,0.9999267834571216,0.8612215198370275,0.9880910121560368,0.9830051813471503,0.9571450540577513,0.9998047466968921,0.877552580127267,0.9863321138211122
10,42,328,0.9832476018351175,0.994066622652416,0.9999246584445359,0.8740335147426967,0.9869545073159233,0.9840414507772021,0.937439650331043,0.9997485499261662,0.8826385046690857,0.987119148048459
10,42,327,0.9856805227304324,0.992440442590631,0.9999269583762975,0.8993373059624298,0.9885808321116204,0.9848704663212435,0.9374550498184763,0.9995920252816549,0.8878790250697338,0.9875013648396045
10,42,326,0.9849854024746281,0.9917583854323999,0.9999285112599828,0.8925035150051503,0.9883474264222476,0.9848704663212435,0.9375202058045252,0.9997119922097647,0.8891074305491543,0.9876680969238347
10,42,325,0.9845683303211455,0.9940309532245835,0.9999223110119018,0.9006598691335027,0.9873191496281476,0.9848704663212435,0.9373898938324274,0.9997404401771959,0.8827839732528013,0.9874358327115117
10,42,324,0.9835256499374392,0.9933458986788003,0.9999199101743014,0.8720115838309159,0.9868816040482682,0.9823834196891191,0.9370700237083963,0.9997552727951341,0.8821765570990345,0.9853919835047441
10,42,323,0.9840122341165022,0.9909719649543044,0.9999247101384031,0.8750844375249349,0.9874617716215927,0.9836269430051814,0.9373244308201012,0.9998413594322639,0.8834363894762965,0.9866084642420248
10,42,322,0.9832476018351175,0.9920775590931313,0.9999347368907631,0.8851468008200979,0.9873961181571653,0.9836269430051814,0.9372972893760502,0.9997536443932801,0.870235799062974,0.987250456375772
10,42,321,0.9830390657583762,0.9917942498471678,0.9999196412717833,0.8831448271918353,0.9867607600050003,0.9819689119170985,0.9366829948690528,0.9996724181826826,0.8782959596193689,0.9855812553786242
10,42,320,0.984151258167663,0.9934784551213491,0.9999222773422766,0.8870615394312898,0.9876250001472744,0.9821761658031088,0.9371079733124097,0.999843001055976,0.8720887519674824,0.9859738320137005
10,42,319,0.9850549145002085,0.991573617853187,0.9999196151326721,0.8714042841080385,0.9883481867850326,0.9852849740932642,0.9373527428891186,0.9998208374059334,0.8782710923586988,0.9881617601004052
10,42,318,0.9848463784234672,0.991891107775242,0.9999111533289232,0.8977863552384366,0.9880269785751811,0.9850777202072539,0.9376016950746634,0.9996409468990435,0.8917201311004015,0.9876506078522179
10,42,317,0.9830390657583762,0.9919844163914994,0.9999154613641875,0.8707158060996939,0.9867197602950772,0.9809326424870466,0.936855740820294,0.9997926201258741,0.878329606155598,0.9847297681687146
10,42,316,0.9842207701932434,0.993853988687689,0.9999225013987398,0.886884420491701,0.9879540822666908,0.983419689119171,0.9573569202379717,0.9997660432601867,0.8784207740889723,0.9869693755633662
10,42,315,0.9826219936048937,0.9927265800956359,0.9999176571278552,0.9001023012209006,0.9859869037101219,0.9821761658031088,0.9371166717907667,0.9996655750910689,0.8839954460356299,0.9854644534880568
10,42,314,0.9844293062699847,0.9914043956356128,0.9999264763830976,0.8676088631962751,0.9873406022487652,0.9846632124352331,0.9375603300281276,0.9997529870205258,0.8764124014851541,0.9873790553213018
10,42,313,0.9834561379118587,0.9915379341377906,0.999912367007753,0.8649141516891606,0.9869619091382416,0.983419689119171,0.9572222590266952,0.9997216140511628,0.8894047228217178,0.9864636113947235
10,42,312,0.9833171138606979,0.9910992921206682,0.9999133594175872,0.8907924702338557,0.9868525991726632,0.9815544041450778,0.93684828316487,0.9996591472400066,0.87372282388419,0.9851741582661568
10,42,311,0.9848463784234672,0.9917443962608516,0.9999255102905558,0.9148375906932253,0.9877647404771438,0.9842487046632125,0.9374223183123133,0.999707650609455,0.8920193832791992,0.9868622105849733
10,42,310,0.9825524815793132,0.9928415845189305,0.9999057888130131,0.8799176338244776,0.9862644864594562,0.9809326424870466,0.9566938732269819,0.9997686840696852,0.895948755040693,0.984826276419804
10,42,309,0.9835951619630195,0.9939729029060241,0.9999188524140413,0.8889897504102732,0.9874578576513044,0.9821761658031088,0.9370941918721537,0.9997274734182695,0.8627094800473174,0.9858751306553247
10,42,308,0.9835256499374392,0.9914832144767303,0.9999135826637443,0.8770485143001585,0.9875507132576904,0.9827979274611399,0.937111388754932,0.9997713251525263,0.8800724990590268,0.9862604008423056
10,42,307,0.9852634505769499,0.9943389031673633,0.9999227591160783,0.8948772276038113,0.9881273564387812,0.9838341968911917,0.9573469107387144,0.999820323864101,0.8966179731583231,0.986812479382222
10,42,306,0.9858195467815932,0.992486563937636,0.9999249206678539,0.9023099858806095,0.9886747161622824,0.9848704663212435,0.9375202058045252,0.9996327402774827,0.8925314563134821,0.9874628622518303
10,42,305,0.9835951619630195,0.9939405301969723,0.9999234445950791,0.8893117217946741,0.9870513609979908,0.9840414507772021,0.9572057906066544,0.9997882032764198,0.8885587948195437,0.986976236217735
10,42,304,0.9836646739886,0.9931771481843463,0.9999117057935072,0.8916209334250214,0.9873410044882532,0.9844559585492227,0.9374788407579895,0.9997438085833297,0.881561397009904,0.9876131905940292
10,42,303,0.9833866258862783,0.9914826210220337,0.9999226352394017,0.8769384092169639,0.9874786427287823,0.9821761658031088,0.9369776613403117,0.9996696174269101,0.8682684111864893,0.9859107959324835
10,42,302,0.9820658974002503,0.9933703756387728,0.9999115542119614,0.9067260081926979,0.9856383057387125,0.9809326424870466,0.9369187221867535,0.999692671674895,0.8738879825208972,0.9845386590079125
10,42,301,0.9848463784234672,0.9916455260347321,0.9999197604665175,0.8985023361445437,0.9879591437648187,0.9836269430051814,0.9372614494536415,0.9996580054455596,0.8830098150250677,0.9867121149207666
10,42,300,0.9838036980397609,0.9914202266358332,0.9999197229082796,0.8841481590117514,0.9868848731317502,0.9825906735751295,0.957238350222492,0.9996225833238158,0.8854879332879113,0.9856164589308812
10,42,299,0.9828305296816349,0.9912902409627026,0.9999125936535123,0.8686168759533446,0.9861464263866773,0.9827979274611399,0.9370418835297045,0.99976274818433,0.8780456207943598,0.9857194405065609
10,42,298,0.9848463784234672,0.9923742383097712,0.9999204422760934,0.8943627570789943,0.9877221344033998,0.9861139896373057,0.9360649834674001,0.9997944183216754,0.8828375061823927,0.9883966612454683
10,42,297,0.9829000417072153,0.9914287189393284,0.9999173698441016,0.8886252807527846,0.9863821770148029,0.9827979274611399,0.9372503992053872,0.9997799754055384,0.8806319692060092,0.9862357491041694
10,42,296,0.9840817461420825,0.9921198679853483,0.9999244212513321,0.8932505249238989,0.9877411827995624,0.9838341968911917,0.9371742999234246,0.9998072951992231,0.8813458078252743,0.9871914205856055
10,42,295,0.9844293062699847,0.9910718177731433,0.9999184468630485,0.8820158450506966,0.9876816544453707,0.9821761658031088,0.9371818277768158,0.9997649099725944,0.8732077321604622,0.9854879653360286
10,42,294,0.9829695537327958,0.9912746481407884,0.9999124826314001,0.8823118716013718,0.9859588563220203,0.9827979274611399,0.9369003861734007,0.9996112376074351,0.8783094483070412,0.9858047442740271
10,42,293,0.9832476018351175,0.9906787207883647,0.9999147365166619,0.88036040966053,0.9866056746914531,0.9836269430051814,0.9374276013481481,0.9998173486349478,0.8807836969872724,0.9864960447604104
10,42,292,0.9833171138606979,0.99393735049919,0.9999038017228338,0.8931329791295016,0.9866203785734701,0.9819689119170985,0.9570644336462846,0.9995917195103311,0.8939353355600305,0.9853889983050633
10,42,291,0.9840122341165022,0.9915442134593766,0.9999204229868763,0.8815038016083564,0.9875941018635201,0.9832124352331606,0.937056107132189,0.9997249847983244,0.8779446003737812,0.9868357219858872
10,42,290,0.9813012651188656,0.9910356647042474,0.9999211030825126,0.8855467172660109,0.9854354594159286,0.9805181347150259,0.9367492197877094,0.9997259450799132,0.8654957925634338,0.9846236382471281
10,42,289,0.9838036980397609,0.9914049052420226,0.9999215227607613,0.8932385819121168,0.9871357176577741,0.9815544041450778,0.936953628312506,0.9996342450586743,0.8777205084930028,0.98509438448275
10,42,288,0.9839427220909217,0.9915484614203633,0.9999053245614065,0.8972078657415858,0.9870671847021759,0.9819689119170985,0.9369928187394523,0.9998116349829376,0.8763576540500244,0.9851978700348414
10,42,287,0.9822744334769915,0.9928400005197189,0.9999069212492144,0.870355562286056,0.985852516878098,0.9815544041450778,0.9569285965500595,0.9997498151028122,0.8937860913977131,0.9849999445926889
10,42,286,0.9833866258862783,0.9921046233739576,0.9999203402093501,0.8913568778415035,0.9869031517787542,0.9832124352331606,0.9371777206259295,0.9992210005344516,0.8855092929645599,0.9863525691772641
10,42,285,0.9843597942444042,0.9921432195365198,0.9999177852781176,0.8705765345708312,0.9873425116912972,0.9850777202072539,0.9375702043914336,0.9997381556775369,0.8735455568397593,0.9875308551577414
10,42,284,0.9839427220909217,0.9939476734650893,0.999927308144494,0.8815197957264016,0.987447118622688,0.9819689119170985,0.936925488133814,0.9997922133454861,0.8706395768490824,0.9855681894501858
10,42,283,0.9851939385513694,0.9924032841781417,0.9999213805560582,0.8971623422259625,0.9882492671118225,0.985699481865285,0.937463613160882,0.999841191788305,0.8851902126488309,0.9884827958189664
10,42,282,0.9824134575281523,0.9936606444236037,0.9999125711150725,0.8865646975769166,0.9864546886442866,0.9813471502590674,0.9366502633628897,0.99979900799807,0.8636806780143041,0.9849744745720909
10,42,281,0.9819268733490893,0.9917340103753415,0.9999158495507521,0.8877594372690513,0.9857646513086757,0.9821761658031088,0.9370536904243072,0.9997717713352706,0.8791879964730406,0.9858088932540406
10,42,280,0.9842902822188239,0.9910200350768114,0.9999115890847219,0.8825984564935304,0.9872097374971249,0.9836269430051814,0.937093122939546,0.9996897541402672,0.885635177183116,0.9863052800699211
10,42,279,0.982343945502572,0.991192803776078,0.9999133431088641,0.8624301965658355,0.9866440441029622,0.9807253886010363,0.9367047463249283,0.9998439654236839,0.8609904382924282,0.9851023748113665
10,42,278,0.9825524815793132,0.9937410510382414,0.999914024712739,0.8929757735952331,0.9860940313367338,0.9815544041450778,0.9368189671012295,0.9997319479654391,0.8712965787629201,0.9849912281628403
10,42,277,0.9821354094258307,0.9909493740356439,0.999922364567199,0.8756237127380393,0.9857737136216258,0.9813471502590674,0.9567819512938723,0.999689119279207,0.8863895007978361,0.9852503447880839
10,42,276,0.9843597942444042,0.9913259598029208,0.9999182560698479,0.8908112373744583,0.9871338690863917,0.9838341968911917,0.9573580961229203,0.9997725883818742,0.8993266258469312,0.9866564017841202
10,42,275,0.9836646739886,0.9915481525121487,0.9999173414447233,0.872030185797099,0.9871418768657314,0.9821761658031088,0.9370471665655393,0.9996287138648695,0.8656530216964257,0.9854277287305798
10,42,274,0.9828305296816349,0.9913134439094461,0.9999134593824821,0.8805260923098495,0.9863686566475625,0.9848704663212435,0.9374550498184763,0.9998177283062932,0.8843629484353573,0.9876995416165252
10,42,273,0.9836646739886,0.9933928179530055,0.9999203767860937,0.8992512779082099,0.9870969255348122,0.9830051813471503,0.9372330671866572,0.9998115722200527,0.8821209625517628,0.9860971348329324
10,42,272,0.9833866258862783,0.9908877269638231,0.9999086438297315,0.8832515610497288,0.9867762091064867,0.9823834196891191,0.9370993397720369,0.9997577633407575,0.8821442504242075,0.9856414103121672
10,42,271,0.9827610176560545,0.9931917791567951,0.9999116315308865,0.8897413828463931,0.9864438280601123,0.9807253886010363,0.9370373624002003,0.999845364399921,0.8786306786234428,0.9844854696757803
10,42,270,0.9821354094258307,0.9931493240154394,0.9999058828800608,0.8845252537071709,0.9858247944476698,0.9817616580310881,0.9569894682349144,0.9997232281394622,0.88929605807683,0.9853700179030415
10,42,269,0.9835256499374392,0.9919394482480851,0.9999195295236238,0.8963875185505183,0.9866852511296951,0.9807253886010363,0.9366982224661604,0.9996925714957158,0.8831897369112357,0.9841507691592882
10,42,268,0.9813012651188656,0.9913578779432196,0.9999080905351245,0.8878727083104114,0.9853888413327907,0.9792746113989638,0.9363717582853945,0.9997361906400601,0.867275690455767,0.9835585946060237
10,42,267,0.9815098011956068,0.9917557535655687,0.9999131748762363,0.8909794748566808,0.9853821809507769,0.9796891191709844,0.9366328243918189,0.9996173828226458,0.8715031312410736,0.983614355196062
10,42,266,0.9831085777839567,0.9936962211921704,0.9999208063554584,0.8814960432309331,0.9868330533949135,0.981139896373057,0.9366429408434171,0.9996270657318479,0.86813519172602,0.985022146914956
10,42,265,0.9824829695537328,0.9917499366230328,0.9999163638624833,0.881482045289126,0.9861208795590806,0.9819689119170985,0.9369635026758119,0.9996064114585171,0.8734762238854961,0.9854901195003312
10,42,264,0.9849854024746281,0.9912114128922684,0.9999179347064799,0.8935947409954497,0.9880394721462344,0.9838341968911917,0.9373516372021371,0.9996453097803003,0.8843781737529113,0.9866544642596593
10,42,263,0.9833171138606979,0.9906527723868487,0.9999148334934003,0.8897368917023377,0.9862775895865444,0.9821761658031088,0.9369103307346736,0.9996637542227756,0.8757187576789823,0.9853080687919961
10,42,262,0.9822049214514111,0.9929988417038591,0.9998984374768353,0.869888647033332,0.9859683807623253,0.9813471502590674,0.9367016379086829,0.9997483569139957,0.8735128691832447,0.9850731007902637
10,42,261,0.9829695537327958,0.9918582995743231,0.9999174403103877,0.8680316549939162,0.9865921582458114,0.9819689119170985,0.9369613280562225,0.999783890056899,0.8765780846659087,0.9851239557085666
10,42,260,0.9829000417072153,0.9907083235250815,0.9999035469533945,0.8939421801219407,0.9861668620731908,0.9825906735751295,0.937088531612075,0.9997941725490666,0.8836231441039463,0.9857524489932902
10,42,259,0.982691505630474,0.9912812756728979,0.9999158910377247,0.87555864736297,0.9862723479420001,0.9803108808290155,0.9367241880252629,0.9997075731438341,0.8790791505927253,0.9838458071008706
10,42,258,0.9822744334769915,0.991758775314853,0.9999138173388584,0.8945418039116843,0.9855372741518804,0.9803108808290155,0.9366568574196248,0.9997046250838918,0.8691185624117156,0.9835747480914833
10,42,257,0.9833866258862783,0.9918744301386883,0.9999272429268891,0.8936386154301581,0.9866777831131639,0.9817616580310881,0.9368081589412676,0.9995709825186533,0.8790453225601929,0.9852665965777195
10,42,256,0.9822049214514111,0.9915931219330841,0.9999091208584855,0.8954371079544186,0.985813954626499,0.9817616580310881,0.9368396496244972,0.9993315388518418,0.8758115316371219,0.985197978270794
10,42,255,0.9820658974002503,0.9913084293717724,0.9999071306891432,0.8919337623675279,0.9859161223146599,0.9817616580310881,0.9369656123574166,0.9997516356647381,0.8805683902598053,0.985195107142354
10,42,254,0.9829695537327958,0.9912291202484799,0.9999178585036753,0.8798374490143351,0.9865296106393494,0.9832124352331606,0.9370854231958294,0.999735024773956,0.8819496005005686,0.9863206304413958
10,42,253,0.9810927290421243,0.9916334154973779,0.9999053820837723,0.8636442522347672,0.9852778041032456,0.9801036269430052,0.9365731935298972,0.9997284636085106,0.8649520576865263,0.9840163564889544
10,42,252,0.9817183372723481,0.9911213240348647,0.9999048566899085,0.8869092566039015,0.9852950511915779,0.9805181347150259,0.9367155544848902,0.9996269551479632,0.866203736952892,0.9841851429388784
10,42,251,0.9840817461420825,0.9934680324303173,0.9999170170630097,0.8905851250252489,0.9874473366604095,0.9838341968911917,0.9372821319769095,0.9997248723351899,0.8892209339490492,0.9867389582445877
10,42,250,0.9816488252467677,0.9908658097296675,0.9999011877323234,0.8854624409711311,0.9850425917763695,0.9803108808290155,0.9365826906689592,0.9997866761810209,0.8791097265765567,0.9839310917507773
10,42,249,0.9817878492979285,0.991755344776391,0.999907004819891,0.8788309147843782,0.9861181181992167,0.9807253886010363,0.9367340623885687,0.9997732160905586,0.8776705820602205,0.9847321243775214
10,42,248,0.9824134575281523,0.9917984373853307,0.9999079280662738,0.8833287363932465,0.9860479178346437,0.9819689119170985,0.9367908269225376,0.9997191632650643,0.8853829131717564,0.9854907433888326
10,42,247,0.9816488252467677,0.9910877784710675,0.9999062665007699,0.8813716300214633,0.9855730057668144,0.9819689119170985,0.9369613280562225,0.9997667271656073,0.8842647326838556,0.985696833528073
10,42,246,0.981370777144446,0.9910826059848962,0.9999122042327926,0.8907524145559103,0.9850162373137828,0.9807253886010363,0.936662382543752,0.9998415517340524,0.8732993514183315,0.9843725681032212
10,42,245,0.9810232170165438,0.991064617181922,0.9998988433329736,0.8855821528762803,0.9849271266822134,0.9803108808290155,0.9365558615111672,0.9997377548830384,0.8774157285165901,0.9841578067678799
10,42,244,0.9828305296816349,0.9904835862303659,0.9999088072930123,0.8853362176681724,0.9861416562800508,0.9840414507772021,0.9373299559442286,0.9997054217772375,0.8921510885107984,0.9865928105875845
10,42,243,0.9842902822188239,0.9909898154599353,0.9999227866623457,0.8815365656407858,0.9871949286186471,0.9859067357512953,0.9376931236460919,0.9996009286836152,0.8829373972384839,0.9882257844560574
10,42,242,0.9830390657583762,0.9913469454603563,0.9999208339454296,0.893403266942745,0.986125159220299,0.9817616580310881,0.9368754895469057,0.9996637519359465,0.8770623770419063,0.9847775117420694
10,42,241,0.9835951619630195,0.9919076911560033,0.999916544797276,0.8954898308038923,0.9865578359722186,0.9825906735751295,0.9367472170584457,0.9997141141531717,0.8728517428507587,0.9857277857444675
10,42,240,0.9824134575281523,0.9917887103852471,0.9999163635554313,0.891465839898099,0.985826576096505,0.981139896373057,0.9366766061462364,0.9997055824722524,0.8802746156544753,0.9843481164728842
10,42,239,0.982343945502572,0.9912468638072811,0.9999107194992527,0.8717243177596755,0.9862774823786097,0.9827979274611399,0.93690256079299,0.9995881354372217,0.8846127444547204,0.9864687917975482
10,42,238,0.9802585847351591,0.9907057535000934,0.9999054128762606,0.8809422530508729,0.9846114215323762,0.9815544041450778,0.9369558029320953,0.9995416234820911,0.8738141320544259,0.9852946001404447
10,42,237,0.9813012651188656,0.9911767148693107,0.9999090440772852,0.8726633476963326,0.9849761003634583,0.9821761658031088,0.9371123225515882,0.9993823874022474,0.8760255799832686,0.9854619963329037
10,42,236,0.9837341860141805,0.9938272751285053,0.9999118744253462,0.8957263181242223,0.986798172878891,0.9842487046632125,0.9374581582347216,0.9995187752496005,0.8889765597095866,0.987139809255881
10,42,235,0.9812317530932851,0.9927670479036109,0.9999163889278117,0.8692342713739387,0.9852051314012411,0.9813471502590674,0.9365514420740217,0.9997564755553663,0.8836558787516634,0.9850366922719322
10,42,234,0.9829000417072153,0.9912775409367995,0.9999262125987243,0.8972486875497782,0.9860658547459215,0.9823834196891191,0.9369310132579414,0.9995301460226775,0.8863738383445207,0.9856922866419943
10,42,233,0.9824134575281523,0.9931937254211783,0.9999091850862912,0.8923260672642218,0.9860651065705944,0.9821761658031088,0.9370091520235415,0.9998162228149446,0.8827189857626416,0.9852427253523328
10,42,232,0.9819268733490893,0.9914551910429791,0.9999091793086342,0.8939757282654298,0.9853149177804136,0.981139896373057,0.9365665994731622,0.999634676891964,0.8788902187809348,0.9848109916070518
10,42,231,0.9829000417072153,0.9913344717575703,0.9999045350119965,0.8799219925669665,0.9861568717656122,0.9803108808290155,0.9366568574196248,0.9996995519273519,0.8753819885646442,0.9835291960777347
10,42,230,0.9811622410677047,0.9929042147281482,0.9999014932199347,0.8740972689969542,0.9846800140948793,0.9817616580310881,0.9366644869653743,0.9996590072094435,0.880358264086641,0.9852741795405683
10,42,229,0.9817183372723481,0.9917020244490234,0.9999078641568977,0.8974092070205757,0.9852005747551236,0.9815544041450778,0.9369851189957358,0.9997211741386614,0.8774022423210565,0.984814558856327
10,42,228,0.9811622410677047,0.9899003816251281,0.9999034444241198,0.8690708495906453,0.9848558328048401,0.9823834196891191,0.955369027799939,0.9997341908494545,0.8825673243497647,0.9856130737803229
10,42,227,0.9825524815793132,0.9915849438073905,0.999911470896306,0.8958686638372232,0.9858513147202487,0.9803108808290155,0.9362460376407679,0.999744624733764,0.878334962101726,0.9839017427861746
10,42,226,0.9830390657583762,0.9937101963090708,0.9999062598291724,0.8918809211309439,0.9859945213528726,0.9825906735751295,0.9369090197137732,0.9996994148648196,0.8822774064475567,0.9855847545920547
10,42,225,0.9822744334769915,0.9935822305973554,0.9999098708555079,0.9018604017469954,0.9853931131873659,0.9809326424870466,0.9365885930173303,0.9994716933873212,0.8816791086539351,0.9840670806580815
10,42,224,0.9828305296816349,0.9919033943157217,0.9999090983471868,0.8657819718700742,0.9866807168565501,0.9809326424870466,0.9367905848342449,0.9997702434589482,0.8648580587246005,0.984552741597829
10,42,223,0.9814402891700265,0.9907918843980009,0.9999010401202517,0.873370551824644,0.9851617100749859,0.9813471502590674,0.9364751007037668,0.9996996585929152,0.8775564056711286,0.985014156727082
10,42,222,0.9834561379118587,0.9936491570878456,0.9999112058218863,0.9006707299932895,0.9866220881323616,0.9827979274611399,0.956924554337158,0.9997308229924877,0.9023611620848132,0.9858990690358816
10,42,221,0.9819268733490893,0.9933264073839437,0.9999116065657528,0.8918520646388458,0.9857266151651399,0.9796891191709844,0.9364959885609531,0.9997300424412843,0.8804297066266201,0.9835548628647824
10,42,220,0.9829000417072153,0.9917050836784186,0.9999064901429523,0.8959157182478347,0.9863947284175346,0.9817616580310881,0.9568439339256913,0.9997766829776977,0.8988197571762615,0.9851781460759298
10,42,219,0.9824134575281523,0.9931402227835804,0.9999114835313043,0.894409166235267,0.9857041765163598,0.9825906735751295,0.9369853610840282,0.9995334589990718,0.8871528139777454,0.9857158097696228
10,42,218,0.9797720005560963,0.991095166635688,0.999907089067652,0.8883507497809046,0.9838697359623846,0.9784455958549223,0.9363990348653973,0.9995573103677486,0.8708864199588848,0.98259490632722
10,42,217,0.9838036980397609,0.9911190692395278,0.9999104812214756,0.8940470471495234,0.9870621988395762,0.9832124352331606,0.9370495832734211,0.9995414582802036,0.8878162509278583,0.9861542481821678
10,42,216,0.9814402891700265,0.9917887307743319,0.9998956077126994,0.8796311446621735,0.9847444283765647,0.9815544041450778,0.93684828316487,0.9996911490641804,0.8791233607301052,0.9845548123834571
10,42,215,0.9822049214514111,0.9917947585173081,0.999915527917237,0.8914519022324456,0.9859574141356879,0.9813471502590674,0.9369014551060083,0.9996339243730361,0.880327000684035,0.9849920226704892
10,42,214,0.982691505630474,0.9907674736131886,0.9999172374744651,0.8858159144832904,0.9865213296467851,0.9825906735751295,0.9370548663092557,0.9997499494340235,0.8753058714677816,0.9859814051361839
10,42,213,0.9832476018351175,0.9916821676334462,0.9999138436439009,0.8925163684042025,0.9868272165016537,0.9825906735751295,0.9370233756260259,0.9997736608792982,0.8745788239921483,0.985520925836832
10,42,212,0.98039760878632,0.9907088971367842,0.9998982583536261,0.8766085097685667,0.9844862157835254,0.9796891191709844,0.9365567953078235,0.9995575093120531,0.8735402536079762,0.9834005146779818
10,42,211,0.9827610176560545,0.9909787540677217,0.9999114260818905,0.8855424646797837,0.9861288459823921,0.9823834196891191,0.9370026931027582,0.999649775652507,0.8868061733016726,0.9856396805676463
10,42,210,0.9829695537327958,0.99105698558374,0.9999096162613447,0.8921442249382302,0.9862112047258088,0.9817616580310881,0.9366264724233766,0.9996867897390047,0.878797262522862,0.985002345921186
10,42,209,0.9815793132211873,0.9908356923490433,0.999902281530521,0.8926427147041442,0.9851100083853397,0.981139896373057,0.9368090927379237,0.9997011074366009,0.8855475821293282,0.9846042072094526
10,42,208,0.9814402891700265,0.9901674083463277,0.9999113779903523,0.875374999867224,0.9846456114982345,0.9813471502590674,0.9366122488208921,0.9995620047576165,0.8711996131469841,0.9843605501560098
10,42,207,0.9819268733490893,0.991387655065116,0.9999112352998789,0.8813106939102232,0.9853864607786422,0.9825906735751295,0.9369538704007985,0.999436902764366,0.8775471390377076,0.9856548314025102
10,42,206,0.9796329765049353,0.9922806376063292,0.9999026256290756,0.8841721453196046,0.9838669395653674,0.9786528497409327,0.9362199001913397,0.999346514650085,0.8795029841661246,0.9827687841093594
10,42,205,0.981370777144446,0.9901310722227713,0.9999034482572313,0.8868179177191533,0.9849757642255,0.9809326424870466,0.9366852396866091,0.9996309762903912,0.8791238275130524,0.984530868981165
10,42,204,0.9826219936048937,0.9915896380376651,0.9999006042236728,0.8969284933230273,0.9857162641100441,0.9830051813471503,0.937125547419432,0.9997387886839053,0.8894601106363527,0.9857330565577983
10,42,203,0.9833171138606979,0.9916496928439724,0.9999030991292364,0.8989303595539221,0.9863134053144464,0.9830051813471503,0.9570397089101152,0.9995439378878405,0.8969326944079365,0.9860065475665617
10,42,202,0.9813012651188656,0.9902407299162133,0.9999084502169129,0.8853093245208055,0.9851215748307864,0.9815544041450778,0.9368819484676891,0.9996765926194358,0.8755137862085095,0.984874708570374
10,42,201,0.9819963853746698,0.9909152130107066,0.9998986508367768,0.8967672413009619,0.9854379700479308,0.9823834196891191,0.9369668531803498,0.9996730061017263,0.8855590056606292,0.9852494350956015
10,42,200,0.9827610176560545,0.9913121107509142,0.9999221985735494,0.8932928281263537,0.9858290376654509,0.9821761658031088,0.9367036773923206,0.9997573728101734,0.8823893547599395,0.9852559378836059
10,42,199,0.9804671208119005,0.9912669299913613,0.9999085768929501,0.8785879260739355,0.9843117063835934,0.9815544041450778,0.9367831271788211,0.99965188043378,0.8751460353349684,0.9849303054883591
10,42,198,0.9811622410677047,0.9913159024767795,0.9999106476908659,0.8913457594658055,0.984961765256172,0.9813471502590674,0.9567439367518746,0.9996693703132666,0.8939857397388234,0.9844969322601105
10,42,197,0.9829695537327958,0.9909987796719719,0.9999092773450106,0.8988427763261464,0.9860599833270021,0.9821761658031088,0.9369776613403117,0.9996917053632123,0.8889787030848382,0.9850940097084324
10,42,196,0.9825524815793132,0.9910548081298316,0.999914708834316,0.8894720373346127,0.9859639736473417,0.9801036269430052,0.936505862924259,0.9996087165238262,0.8759459257045542,0.9838242245488344
10,42,195,0.9819268733490893,0.9914347786559949,0.999910289556367,0.8959691131161389,0.9852230152527678,0.981139896373057,0.9365937409172135,0.9997324625838011,0.8798132609246627,0.9844126185663198
10,42,194,0.9813012651188656,0.9901600387550937,0.9998913600549817,0.889827588265849,0.9852696974578258,0.9815544041450778,0.9367809525592318,0.9997090570055047,0.8850846740305698,0.9850345283809405
10,42,193,0.9819963853746698,0.9929231733323831,0.9999120748049131,0.8901799326572237,0.985357002436765,0.9817616580310881,0.9369699615965951,0.9996162538426624,0.8771994967647612,0.9849153435777455
10,42,192,0.9805366328374809,0.990148404637106,0.9999034757787783,0.8841893184722147,0.9842648575794686,0.9801036269430052,0.95655033638704,0.9994973997977133,0.8904354313390903,0.9836718860890938
10,42,191,0.9825524815793132,0.9910224354207798,0.9999077776244412,0.8816387713550989,0.9857485173965698,0.9805181347150259,0.9366753653233032,0.9997105324008214,0.8756942070181141,0.9836730182547766
10,42,190,0.9822049214514111,0.990994162224117,0.9999054442210948,0.8928734525559247,0.9853266790720299,0.9836269430051814,0.9371626281647736,0.9997298226474473,0.8908383961480695,0.9863872373814814
10,42,189,0.9801195606839983,0.9913321060492558,0.9999012028183126,0.8903906126504992,0.9838822616679216,0.979481865284974,0.9366056180097831,0.9997169822767947,0.876492301301939,0.982687180207119
10,42,188,0.9817183372723481,0.9904184702180345,0.9999096719592728,0.8888457645130076,0.9850852830509538,0.9805181347150259,0.9365450533512054,0.9994824876833015,0.8759542588176368,0.9839467306542029
10,42,187,0.9804671208119005,0.9931107174310392,0.9998875341067781,0.889463913454374,0.9840644788828677,0.9823834196891191,0.9369690277999391,0.9997383979153679,0.8788348468534727,0.9853646831035016
10,42,186,0.9810232170165438,0.9901623601028519,0.9998986677407631,0.8748797947742998,0.9843576053237638,0.9815544041450778,0.9369897805211739,0.9995801572767173,0.8871353791898703,0.9841533042128087
10,42,185,0.982691505630474,0.9904738231691909,0.999906108357656,0.8723918882017536,0.9860387387230752,0.9798963730569948,0.936541637908683,0.999508922939521,0.8776063860757588,0.9832301684807434
10,42,184,0.9787988321979703,0.9904024359457452,0.9998954608221857,0.8771661098776323,0.9830100435749145,0.978860103626943,0.9363774185454734,0.9993926202835911,0.8753828508146901,0.9826335789457875
10,42,183,0.9803280967607396,0.9905115757808071,0.9998947802420197,0.866953973960962,0.9838790198095866,0.9803108808290155,0.9365200215887589,0.9997347765863321,0.8780226689950902,0.9838798788629235
10,42,182,0.9822049214514111,0.9933279913831554,0.9999136593098632,0.8946631862389646,0.9853568509864797,0.9815544041450778,0.9368167924816402,0.9994326913002294,0.8826907137877893,0.98459140815411
10,42,181,0.9819268733490893,0.9915358019742903,0.9999043727787512,0.8974677869245169,0.9849177589864606,0.9815544041450778,0.9566480887433005,0.9995285609920049,0.8956032927546056,0.9845297307697582
10,42,180,0.9810927290421243,0.9908202082961571,0.9999069600193684,0.8920032011018639,0.984550745694898,0.9801036269430052,0.9364298338402637,0.9996197007297002,0.8783127372184903,0.9835148617095639
10,42,179,0.9813012651188656,0.9915171071732829,0.9998970514595982,0.8908915305132956,0.9851961215247934,0.9803108808290155,0.9366188428776269,0.9995508222361187,0.8788364186918372,0.9838060322428118
10,42,178,0.9815098011956068,0.991447191780127,0.9999187287043557,0.8919556915349548,0.9846672525129505,0.981139896373057,0.9368633756260261,0.9996327062114938,0.8869744063209916,0.9840588660590075
10,42,177,0.9801195606839983,0.9900015885311746,0.9999005125090857,0.8778720202579651,0.9836559287490221,0.9801036269430052,0.9363556670895978,0.9995597200017489,0.8845127083622266,0.9835061918964344
10,42,176,0.9803280967607396,0.9905285598287884,0.9999014162086179,0.8807757038986358,0.9839769888116442,0.979481865284974,0.9365295889257876,0.9995819797306978,0.874086769679625,0.9831022858601606
10,42,175,0.9806061448630613,0.9915526417511609,0.9998978213385223,0.8825501042043871,0.9843805910893667,0.978860103626943,0.9364762398343413,0.9993601585474952,0.8763868104627263,0.9826914058315256
10,42,174,0.9808146809398026,0.99131992175936,0.9999055371180475,0.8896373043071939,0.9847501460486883,0.9823834196891191,0.9369331878775307,0.9993460136118486,0.8850899032924227,0.9856982651022603
10,42,173,0.9802585847351591,0.9912477823882897,0.9999024508596154,0.8954602246244172,0.9841636317037349,0.9798963730569948,0.936680648359138,0.9994890336147668,0.8795765349326388,0.9833938586845193
10,42,172,0.9801890727095788,0.9907919677131969,0.9999020448830184,0.8899170003659564,0.983772035616555,0.9815544041450778,0.9367339272526172,0.9995493415176882,0.8878850002858372,0.9845838058823154
10,42,171,0.9800500486584179,0.9911579876400222,0.9999004067398114,0.8854179671076423,0.983457682415874,0.9798963730569948,0.9365079726058637,0.9997079931822074,0.881545816384797,0.9830609064064673
10,42,170,0.9796329765049353,0.9930296567830513,0.9999014403578758,0.8857656153877989,0.9829789890076376,0.9792746113989638,0.936401074349035,0.9996352427177431,0.86789260734087,0.9826564131192989
10,42,169,0.9809537049909635,0.9901589539261224,0.9999005198926808,0.8913563896253847,0.9841914700070362,0.981139896373057,0.9367015729706983,0.9995480101448009,0.8811301226164417,0.9843192869878263
10,42,168,0.9802585847351591,0.9906495403767144,0.9998944130983997,0.8932042093549946,0.9838644215280505,0.981139896373057,0.9368427580407428,0.9996207644653754,0.8860966582225015,0.9844039223802225
10,42,167,0.9815793132211873,0.9908840910309195,0.9999031065263216,0.8954064473242194,0.9846311492728543,0.9819689119170985,0.9369569788170439,0.9996219781980935,0.8821250280752309,0.9847976047919504
10,42,166,0.9826219936048937,0.9914649284649005,0.9998989329178823,0.8851437733338551,0.9860286668117703,0.9830051813471503,0.9371860418800427,0.9996456659081171,0.8847716188597187,0.9856466747672916
10,42,165,0.9792854163770333,0.9912433912635518,0.9998972425834464,0.8793571255089913,0.9830639199427068,0.9786528497409327,0.9564283509290378,0.9995590008760675,0.8823413483891713,0.9823030587704745
10,42,164,0.9806061448630613,0.9906616272967664,0.9999029793218357,0.8869623338374036,0.9841634023391236,0.981139896373057,0.9365937409172135,0.9996630192886138,0.8804985431590804,0.9843326680464705
10,42,163,0.9797720005560963,0.990650175489009,0.9999044985449796,0.8609231571767676,0.983568968633305,0.9786528497409327,0.9363882267054353,0.9996037418026353,0.8719697173996133,0.9823991296357379
10,42,162,0.9798415125816766,0.9919694536314638,0.9998984710327876,0.8609119019205845,0.9842664659394681,0.979481865284974,0.9363449940655875,0.9994008165352452,0.8799848762326152,0.9835117381238045
10,42,161,0.9790073682747116,0.9910030016603675,0.9998928536078643,0.8960040443977819,0.9821396512915753,0.9786528497409327,0.9365098401991758,0.9994769164212057,0.8828517211988388,0.982058068087993
10,42,160,0.98039760878632,0.9906887252833952,0.999889077431839,0.8889360627456742,0.9841516858896213,0.9801036269430052,0.9365688442907186,0.9995177544323903,0.8825248812189127,0.9837637806798115
10,42,159,0.9791463923258724,0.9899797360388285,0.9998800597263241,0.8921785450160846,0.9825937801167949,0.9801036269430052,0.9365601458123614,0.99946796243911,0.8865786588343351,0.9830758899517417
10,42,158,0.9781732239677464,0.9902093601954658,0.9998861791323813,0.8849318703728506,0.9820139500343829,0.9757512953367876,0.935544491911195,0.9993619032385286,0.8704870569636762,0.9802012954517448
10,42,157,0.9803280967607396,0.9912082909286835,0.9998910433424223,0.889843246417313,0.9838025332875928,0.9784455958549223,0.9362621990345315,0.9996087844174801,0.8749001767989174,0.9823272778096801
10,42,156,0.9772000556096204,0.9907191719678188,0.9998845904446142,0.8896210393365189,0.9807930442402643,0.9780310880829015,0.9362838153544556,0.9993287624411796,0.8725189425659999,0.9812912109030868
10,42,155,0.9797720005560963,0.9912118990667974,0.9998895687307495,0.8862751362290819,0.9832944976185687,0.9798963730569948,0.9366491576759082,0.9993545339238963,0.8798102532832967,0.9831714653778837
10,42,154,0.9810232170165438,0.9908413733495248,0.9998941084952936,0.8955051578154337,0.9840031204767322,0.9807253886010363,0.9367905198962605,0.9989814101079074,0.8869121216404078,0.9837799784728518
10,42,153,0.9788683442235506,0.9905193830006129,0.9998804442374214,0.8907698043765581,0.9823125871916307,0.9807253886010363,0.9368220105794903,0.9994612680881525,0.8821899478256028,0.9836983433105773
10,42,152,0.9810232170165438,0.9908893749415825,0.9998856660243957,0.8922319017959497,0.9844339393363882,0.9809326424870466,0.9367189049894281,0.9995409043003372,0.8810960232756855,0.9838628936161661
10,42,151,0.9790073682747116,0.9910144045888301,0.9998864894663788,0.8931944579792088,0.9824278841294609,0.9796891191709844,0.9366241259134617,0.9994791277142968,0.879678660185143,0.9828751024559133
10,42,150,0.9776866397886834,0.9896189302701043,0.9998688468613628,0.8889330254637187,0.9812208009159612,0.9786528497409327,0.9363031868568231,0.9992556930707854,0.8792874032273061,0.9824220087389494
10,42,149,0.9790073682747116,0.9909039711304612,0.9998912353721147,0.8919610108858229,0.9822194400079044,0.9790673575129534,0.9562880294576825,0.999471075451425,0.8921862377166707,0.9821453040769883
10,42,148,0.9798415125816766,0.9910277689551683,0.9998925132512976,0.8944569442599715,0.9828092324361496,0.981139896373057,0.936629580839622,0.9996339188765245,0.8883901077408557,0.9839326361774026
10,42,147,0.9782427359933269,0.9902576566410899,0.9998711761207582,0.8918773582363347,0.981674503351784,0.9809326424870466,0.9366743665886625,0.9993328716306479,0.8825150490049936,0.983862904317097
10,42,146,0.9804671208119005,0.9911639138846767,0.9998924485937514,0.8992629726312211,0.9833643299997333,0.981139896373057,0.936663246142441,0.9994716462722104,0.8831166508120571,0.9840064694387928
10,42,145,0.9776866397886834,0.9896974683390483,0.9998786061660404,0.8931307709730851,0.9808723790745092,0.9774093264248704,0.9362912730098795,0.9991774584871642,0.8806147554562943,0.9803830537416507
10,42,144,0.9776866397886834,0.990727068994419,0.9998707955723779,0.8884502325973926,0.981179874114489,0.9792746113989638,0.9564990969771985,0.9992143112980577,0.9014746819863939,0.9822912791592479
10,42,143,0.9776866397886834,0.9902810395427747,0.9998703342912718,0.8902727472174492,0.9810124920674439,0.9776165803108808,0.9363792861387856,0.9991147230840953,0.8761142390919257,0.9806646536780543
10,42,142,0.9780341999165856,0.990993269793876,0.9998712660099761,0.864983168216813,0.9817368887809544,0.9792746113989638,0.9366077276913879,0.9993790035287162,0.8778846083968996,0.9824642536860229
10,42,141,0.9792159043514528,0.9899336287464715,0.9998729045814484,0.8891556880305465,0.9827433584367428,0.9803108808290155,0.9367915186309012,0.9996316862817894,0.8829936118902555,0.983378575081506
10,42,140,0.9776866397886834,0.9908232287347576,0.9998755091782107,0.8880648677610772,0.9813152087226775,0.9784455958549223,0.9364685400906247,0.9992056172019967,0.871892250809229,0.9817470858633321
10,42,139,0.9781732239677464,0.9897699503241354,0.9998737914580001,0.8894796546277189,0.9814701990475526,0.9809326424870466,0.9568915158047179,0.9996466095318064,0.8951226933280441,0.9833513290017577
10,42,138,0.9775476157375226,0.9908677660825509,0.9998743035150676,0.8716771550420589,0.9812880473090826,0.9790673575129534,0.9365012715967879,0.9997335267651719,0.8730142889896711,0.9819548678623755
10,42,137,0.9794939524537745,0.9912468335013724,0.9998713297490213,0.8883570286702974,0.9832358903693158,0.9784455958549223,0.936320518875553,0.9996957163518997,0.8794096343604855,0.9821449123816909
10,42,136,0.9772000556096204,0.9907129532248865,0.9998733875571992,0.8826754474481624,0.9806508199896503,0.9780310880829015,0.9362881645936341,0.99960310875109,0.8763938035406769,0.9813334477646668
10,42,135,0.9778256638398443,0.9907393822375883,0.9998807104533008,0.8916887753798707,0.9814366368552131,0.9780310880829015,0.9362074739842005,0.9996692907662799,0.8811566463018488,0.9815583229639433
10,42,134,0.9783817600444877,0.9892331961583622,0.9998741777825338,0.8821324110229394,0.981910438940835,0.9803108808290155,0.9366905227224437,0.9991880575286833,0.8819893284831406,0.9832528578080126
10,42,133,0.9790768803002919,0.9903015612318776,0.9998722646372219,0.8913605179653882,0.9821027223884335,0.978860103626943,0.9364425745315222,0.9991522243071523,0.8825333614161451,0.9817860080205191
10,42,132,0.9773390796607813,0.9895641862473116,0.999861062071567,0.8657888940191001,0.9806994157185313,0.9792746113989638,0.9364054235882137,0.999399195738106,0.8816382895679333,0.9821794452247798
10,42,131,0.9767829834561379,0.9905501111461311,0.9998634436990664,0.8898278654491953,0.9803530830197238,0.9778238341968912,0.9363348126760045,0.9993774867639883,0.8818350957464602,0.9813576585879007
10,42,130,0.9769915195328792,0.9901840692128622,0.9998689410320736,0.8893388005958647,0.9802850466757425,0.9780310880829015,0.9357471419928802,0.9995990589745078,0.8809817669838896,0.9811388328603302
10,42,129,0.9776866397886834,0.9902601499919936,0.9998646940222025,0.8916658223451155,0.9807913064259419,0.9803108808290155,0.9363336735454297,0.9991403710110243,0.882590840725067,0.9829169019167785
10,42,128,0.9780341999165856,0.9891988643667237,0.9998634806068736,0.8878846433952868,0.9817253802641267,0.9772020725388602,0.9357765931924723,0.9994773668375242,0.878537715424716,0.9805135918751047
10,42,127,0.9762963992770749,0.990631597723332,0.999863914390813,0.8902150774946276,0.9795965564353011,0.9763730569948187,0.9359005164417539,0.999589496852549,0.872867430196575,0.9799145334197908
10,42,126,0.9758793271235924,0.9901491055501467,0.9998751273825458,0.8871280241952824,0.9794136920863805,0.9780310880829015,0.9360703258670751,0.9993254204753912,0.8736560857666253,0.9811123721240247
10,42,125,0.9740720144585013,0.9897419275937378,0.9998456320647761,0.8806387727619753,0.9779858564877526,0.9774093264248704,0.935967776849425,0.9995465733317025,0.8832120285970848,0.9806345598351078
10,42,124,0.9746976226887252,0.9899705637026469,0.9998393198489276,0.8883561959129455,0.9784271484909826,0.9745077720207254,0.9357570497997793,0.9994725353717994,0.8739070487697456,0.978263102745222
10,42,123,0.9749756707910469,0.9907300066625008,0.9998398387181008,0.8792861335114648,0.9788687900572441,0.9747150259067358,0.9359460588371425,0.9992701159760722,0.8701528538532721,0.9784017279372181
10,42,122,0.9767134714305575,0.9901212482085279,0.9998505911106101,0.8933149692776392,0.9799932084775818,0.9790673575129534,0.9366294089492965,0.9990961132844899,0.8832332129749483,0.981863360189465
10,42,121,0.9712915334352843,0.9893747678701255,0.9998287622329154,0.8773437831791117,0.974965639729062,0.9730569948186528,0.9357005326140854,0.9990644640279736,0.8798297401397122,0.9767410726184735
10,42,120,0.9708744612818018,0.9892486046847734,0.9998156634471854,0.8701214128781334,0.9749283682982632,0.9718134715025907,0.935198970712181,0.9992603873712719,0.8668391251191783,0.9757976515206864
10,42,119,0.9717781176143473,0.9898826743055948,0.9998243665435669,0.8398561959138203,0.9763153450414069,0.9720207253886011,0.9350890289770915,0.9995364810318123,0.8549161234743287,0.976042264079945
10,42,118,0.9703183650771583,0.989206444396984,0.9997909284527569,0.8673265170113638,0.9747253941774896,0.97139896373057,0.9346704445165335,0.999474160178226,0.8590489785371949,0.9755666943563922
10,42,117,0.9715000695120256,0.9887512641040871,0.9998149673313941,0.8670078981301523,0.9754094174170955,0.9722279792746114,0.9348071452114476,0.9991148664923649,0.866047798129849,0.9759903600812279
10,42,116,0.9715000695120256,0.989321916910589,0.9998146422153272,0.8767792890564852,0.9753487714704583,0.9728497409326425,0.9348510621018167,0.9993765595866884,0.8668250354170436,0.9768588511236672
10,42,115,0.9721951897678298,0.9895759671259523,0.9998017292477391,0.8865691044029321,0.9756064068682327,0.9720207253886011,0.9350488398155044,0.9992395954961841,0.8731085264754006,0.9757179358968392
10,42,114,0.9715000695120256,0.9892230466844694,0.9998138981183408,0.8640396210723913,0.975496249304701,0.9711917098445596,0.934651936612855,0.9995333149386113,0.8620632407670878,0.9752670937855855
10,42,113,0.9712915334352843,0.9890954582555881,0.9998050635191413,0.8685049212457472,0.9754844627554864,0.9730569948186528,0.9353679165388132,0.9992853791950599,0.8710490059494548,0.9771147061245853
10,42,112,0.971569581537606,0.9891463991676628,0.9998157583780718,0.872360813758183,0.9754297972211912,0.9743005181347151,0.9355007101567776,0.9995187517950984,0.869996575180559,0.9777494628024912
10,42,111,0.9704573891283192,0.9895879920626629,0.99980351177402,0.8815707715669407,0.9743231851057788,0.97139896373057,0.9344996310965891,0.9994289617948278,0.88302457099334,0.9753225327337084
10,42,110,0.9705269011538996,0.9888329016553367,0.9997927206153326,0.860889351431224,0.9746035768452203,0.9695336787564767,0.9347379804560902,0.9991983109311983,0.8574274105482322,0.9735410853319328
10,42,109,0.9717086055887668,0.9889482077212257,0.9997910923459007,0.8761391766355642,0.9754968717437971,0.9728497409326425,0.9354438806848241,0.9991922535383371,0.8797409117418299,0.976700894238722
10,42,108,0.9701098290004171,0.9882880576898185,0.9997684760411022,0.870927260839251,0.9744516260293595,0.9697409326424871,0.9348618335074047,0.9993156084643057,0.8673996565547651,0.9742638260643461
10,42,107,0.9702488530515779,0.9887806055782863,0.9997661173070811,0.8802714453094923,0.974214540052414,0.9707772020725388,0.9352189247727114,0.9991702540577174,0.8666260147264224,0.9746580807398029
10,42,106,0.9679549562074239,0.987862810856457,0.9997625438026199,0.8771105752982262,0.9726026605310177,0.969119170984456,0.9341037968265472,0.9991940721985256,0.880360683749305,0.973822677978083
10,42,105,0.9703183650771583,0.9887297914200259,0.9997652009344707,0.8823473346073282,0.9745964905514991,0.9703626943005181,0.9347309000249103,0.998914934785493,0.8825169825006032,0.974710183042035
10,42,104,0.966008619491172,0.9883311556766803,0.9997637136750548,0.8558763400587769,0.9707940534383848,0.965181347150259,0.9343376250565444,0.9990388975968143,0.851032319131155,0.9700174654890061
10,42,103,0.9673293479772,0.9886953573150495,0.9997721383287302,0.8690272715020303,0.972076379925168,0.9693264248704663,0.9351794922574724,0.9993831836900138,0.8651760699907145,0.9733929898222918
10,42,102,0.9648964270818852,0.9879274987956262,0.9997548147367996,0.8622010496616016,0.9695799443866848,0.9687046632124352,0.9342176014263704,0.9993995383735944,0.8601435012552279,0.9729706546619705
10,42,101,0.9667037397469762,0.988442226458288,0.9997529447951122,0.8763626483104301,0.9709340485442735,0.9682901554404145,0.9328100961042233,0.9993458775525451,0.8743660210105182,0.9721421520584708
10,42,100,0.9660781315167524,0.9875164110002538,0.9997496915330756,0.8641470711041697,0.9703723506664074,0.9678756476683937,0.9341370459528884,0.9990314485399727,0.8764926536444242,0.9721237287950117
10,42,99,0.9634366745446963,0.9871256874570011,0.9997233508562937,0.8297284007159647,0.9693625658987859,0.964559585492228,0.9338129617256304,0.9992879615862174,0.8522675727535329,0.9703854399727843
10,42,98,0.9655915473376894,0.9868829231347701,0.9997386326642481,0.860916574544737,0.9696808173073465,0.9666321243523316,0.9337324430065224,0.999184269420295,0.8628840794514894,0.9706635059774742
10,42,97,0.9654525232865285,0.987410645991408,0.9997336834173736,0.8631570717972403,0.9700028656718583,0.9676683937823835,0.9339705168341379,0.9992725889060554,0.8666563717674757,0.9720828949593838
10,42,96,0.9662171555679132,0.9879352041679264,0.9997320388676008,0.871696773464568,0.970549919220007,0.9653886010362694,0.9486531985539404,0.9990230085879515,0.8659805802828419,0.9699903529815425
10,42,95,0.9639927707493396,0.9877207184202805,0.9997430220505062,0.8671558977841528,0.9685206095686505,0.9672538860103627,0.9337944905763258,0.9992295311427521,0.8661827742706086,0.9716899146929757
10,42,94,0.966008619491172,0.9879729873856256,0.9997320822282143,0.8716705159319758,0.9703686409011618,0.9666321243523316,0.9335279642837588,0.9989420927722796,0.8713050343472117,0.9711323829908066
10,42,93,0.964548866953983,0.9867737858108273,0.9997100556026326,0.8422278259140785,0.9689839808791986,0.964559585492228,0.9121765424969898,0.999032724355202,0.8374807956186393,0.9690144744161001
10,42,92,0.9662171555679132,0.9881404422016581,0.9997283701762422,0.869960611343944,0.9704780737574055,0.9687046632124352,0.9342197760459598,0.9990820731252422,0.8689244041230549,0.972923036008983
10,42,91,0.9653830112609482,0.9868696433495623,0.9997335769288247,0.872903957624257,0.9695739022587566,0.9676683937823835,0.927257202085101,0.9988968264794954,0.8625216052809112,0.9719952769425081
10,42,90,0.9649659391074656,0.9879233309086177,0.9997388987803584,0.8759587945565687,0.9690472935798954,0.9664248704663212,0.9339607776067836,0.998626287170817,0.8685619393195294,0.9707745892541082
10,42,89,0.9653134992353677,0.9866622282211782,0.999717043835553,0.868310722686519,0.9697516022835394,0.9660103626943005,0.9335357342254423,0.9991272186864508,0.8789737018090807,0.970477529832504
10,42,88,0.9646183789795635,0.9875605695314406,0.9997087028259048,0.8730422245671678,0.9691038820833079,0.9666321243523316,0.9338087843767773,0.999172848322044,0.8721747728931488,0.9710890823031484
10,42,87,0.9653134992353677,0.987928321084559,0.9997169200440851,0.8782290094832537,0.969459156583421,0.9655958549222798,0.9338422075913039,0.9987579634766246,0.8716304959998072,0.9701146979010269
10,42,86,0.9601696093424162,0.985701343012782,0.9996759445944735,0.8614382292303898,0.9646732178525067,0.9604145077720208,0.9331184911672551,0.9990718324845334,0.8572763444357732,0.9649292169297387
10,42,85,0.961768385930766,0.9857670058114596,0.99967251111246,0.8562070955570639,0.967027994225372,0.9618652849740933,0.9330164263261901,0.9986475609355072,0.874519455987806,0.9667240217307609
10,42,84,0.9610037536493814,0.9858327149012268,0.9996848987665128,0.8558031976557643,0.9658510523310684,0.960621761658031,0.9327576699753065,0.9990682246620034,0.8744059570222643,0.9653315297568653
10,42,83,0.9624635061865703,0.987733959403107,0.9997020742773307,0.862700275149422,0.9671945404704552,0.9635233160621761,0.9331775372731542,0.9984176791196913,0.8585973244976622,0.9680872091515789
10,42,82,0.9621854580842486,0.9869685380780859,0.9996778116087878,0.8761394982051343,0.9664602609027861,0.9612435233160622,0.9331273667959203,0.9988894461472774,0.8621592143508426,0.9654466771010393
10,42,81,0.9604476574447379,0.9843752879958596,0.9996702495787824,0.8767937269529341,0.9644735214831628,0.960621761658031,0.9264733056845609,0.9987917590699448,0.8569263118970499,0.9642754141902979
10,42,80,0.9550952314750452,0.9860571497873413,0.9996404005397292,0.8464828147356891,0.9604242518060068,0.9560621761658031,0.9326084413808945,0.9991130146820715,0.8510005295008907,0.9607236159096173
10,42,79,0.9582232726261644,0.983982515951972,0.9996561593274143,0.8692390186502448,0.9625930471427101,0.9579274611398964,0.9262134436466957,0.999280434780373,0.863285761245442,0.9622216762154367
10,42,78,0.9518281662727652,0.9858056820436013,0.9995618195554477,0.8524012167201279,0.9575196142821437,0.9539896373056995,0.931575424215265,0.9986255727140297,0.8583057919568224,0.958554451187146
10,42,77,0.9518976782983456,0.9856605442213382,0.9995357670899867,0.8656837811542233,0.9575863698420992,0.9533678756476683,0.9313088979226981,0.998795178329077,0.8703603322086589,0.9583750518733781
10,42,76,0.9511330460169609,0.9853336392928014,0.9995527619530924,0.8620432789934489,0.956790127485639,0.9537823834196891,0.9297293134259934,0.9988870262227212,0.8619073553938502,0.9586306828931256
10,42,75,0.9534964548866954,0.9847713084917717,0.9995403936519266,0.8593390284306679,0.9585543377484563,0.9550259067357513,0.9299544044740577,0.9988655593278071,0.8640352631952161,0.9596938135401452
10,42,74,0.9535659669122758,0.9846169973154667,0.9995150201709555,0.870419233885192,0.9587369062238769,0.9548186528497409,0.9299991902230984,0.9987075655841055,0.8621631117367607,0.959809534077816
10,42,73,0.9507159738634784,0.9835845664236131,0.9995178281724213,0.8428591747478253,0.9564016525190462,0.9539896373056995,0.9310028017810805,0.9987460523607475,0.8540681710805222,0.959226928318514
10,42,72,0.9516891422216044,0.9843778431122244,0.9995273322185428,0.8540451653915497,0.9572724990829664,0.9539896373056995,0.9313014402672739,0.9984627134732814,0.8614190796774305,0.9589383450026542
10,42,71,0.9534964548866954,0.9844557973034577,0.9995445179092749,0.8686044773776384,0.9587807037130145,0.9554404145077721,0.9314552286947656,0.998507995404822,0.8637243484508238,0.9601471021012709
10,42,70,0.9534964548866954,0.9846090481683538,0.9995498638827337,0.8564304240950232,0.9587733089790587,0.9531606217616581,0.9228800966427465,0.9988904675348591,0.8554489017876267,0.9583751523949988
10,42,69,0.9522452384262478,0.98442765753773,0.99954604712714,0.862736405653668,0.9577068608973529,0.9521243523316062,0.9242651469779607,0.9986700496920219,0.8556426521333316,0.9571794833859565
10,42,68,0.9515501181704434,0.984342166618525,0.9995625548885979,0.8498645243438374,0.9572554851966869,0.9519170984455958,0.8908580241182057,0.9981216001522694,0.8367141507466807,0.9573855507842643
10,42,67,0.9546086472959822,0.9841775701482709,0.9995755458272794,0.8685301403092953,0.9596425521035836,0.9521243523316062,0.9026670545775776,0.9983097748103852,0.8513448868128384,0.9572940974231818
10,42,66,0.9525927985541499,0.983885037550126,0.9995521789131837,0.8634572315846318,0.9581646885936624,0.9519170984455958,0.9225200320971462,0.998525166711087,0.8615265438801072,0.9575992164349431
10,42,65,0.9522452384262478,0.9844164149130542,0.9995297349390034,0.8665244531880552,0.9576935439804564,0.9533678756476683,0.9243935913567463,0.9985162126433533,0.8643171673639085,0.9583991022568411
10,42,64,0.9523147504518281,0.9844203781717286,0.9995305637227264,0.8765812411339283,0.9571055124082681,0.9529533678756477,0.9223042998002614,0.9984106340674955,0.8699053947389149,0.9573654075019046
10,42,63,0.947379396635618,0.9837026844107072,0.9994775710131654,0.8469384846822601,0.9534362511655738,0.9506735751295337,0.9235981019662854,0.9983847484615525,0.8471869429399494,0.9560260566809275
10,42,62,0.9475879327123592,0.9838335407189749,0.9995173372506609,0.8623155663542873,0.9533788909142109,0.9490155440414508,0.9185361895324334,0.9985786505171548,0.8534156717620616,0.9542857779289814
10,42,61,0.9507854858890588,0.9806841570110345,0.9995067486968304,0.8711907811318134,0.9557472651442936,0.9510880829015544,0.9175208331801212,0.9982581516163194,0.8616115320013015,0.9556572887301957
10,42,60,0.9498818295565132,0.9840452938185661,0.9995144307895052,0.8678406180975682,0.955541775219789,0.9490155440414508,0.9288011655535199,0.9982550240618224,0.8539719316140364,0.9543727716041724
10,42,59,0.9432781871263729,0.9837018403123389,0.999479525435721,0.8513191141876697,0.9492361514287107,0.946321243523316,0.9085663372861531,0.9986777828804715,0.8396672166507843,0.9515434982518136
10,42,58,0.9431391630752121,0.9822373462747619,0.9994315069966693,0.857567641575267,0.9491864902599002,0.9452849740932643,0.9132490887678695,0.9979729505692977,0.8521304317386034,0.9506646489455574
10,42,57,0.9407062421798971,0.982992008049917,0.9994480749877185,0.8383050565601229,0.9470555238925256,0.9430051813471503,0.9228363815202039,0.9979314194789545,0.8332921340428405,0.9488273909313089
10,42,56,0.947379396635618,0.9824282657452359,0.999440431531825,0.8559165034325344,0.9525683412920543,0.9452849740932643,0.9087082272669835,0.9984319601615248,0.8351587204172752,0.9509108518581494
10,42,55,0.945085499791464,0.9825971898698466,0.9994607644163915,0.8535066376029868,0.9505991416942073,0.946321243523316,0.9093859505626516,0.9983210958764802,0.8422335124343273,0.9512162783290677
10,42,54,0.9400111219240929,0.9821881911961168,0.9994319232863365,0.8583307625457597,0.9464711709912285,0.9423834196891192,0.9074542560701804,0.9984464716718162,0.835868201348857,0.9478272165013589
10,42,53,0.9434172111775337,0.9797444321901133,0.9994255779853443,0.8542746030041957,0.9492761232979273,0.9427979274611399,0.8943747961997681,0.9980497327032386,0.8460578588104067,0.9486122949293342
10,42,52,0.9367440567218128,0.98092176294661,0.9993603783675513,0.8553387571497916,0.9438882591078439,0.9376165803108808,0.9014416428095628,0.9979131974975262,0.8364016477830378,0.9443987706792877
10,42,51,0.9424440428194077,0.9780579355023643,0.999308549972194,0.8480697617025355,0.9483879378820027,0.9401036269430052,0.9001167251765012,0.9982852615466552,0.8276794127034808,0.9459728545852522
10,42,50,0.9372306409008758,0.9811153717933863,0.999350412883252,0.8443708585615812,0.9440630644770593,0.9386528497409327,0.8978366376854382,0.9977410608422383,0.816653507484143,0.94498757966735
10,42,49,0.9469623244821355,0.9782331559701528,0.9993458067777777,0.8558375335037779,0.9522057916985879,0.944041450777202,0.878678876850628,0.997945725298809,0.8260879860832061,0.9493789774237555
10,42,48,0.9222855554010844,0.9784334190300157,0.9989655374091453,0.8136808324753533,0.935404431200442,0.9212435233160622,0.8884473610664726,0.9977703142415527,0.7861755383897764,0.9340263579336513
10,42,47,0.9265257889614903,0.9763742520745395,0.998968082047175,0.8101574921661714,0.9359037362150612,0.9216580310880829,0.8692742315102404,0.997254660988107,0.7672357240954826,0.930962905558973
10,42,46,0.9196440984290282,0.9754305409952952,0.9990309175116711,0.8032506097389581,0.9331883077463008,0.9175129533678756,0.8739947558817153,0.997054980603059,0.7630910991826998,0.9305457467044045
10,42,45,0.9170721534825524,0.9746702973263759,0.998927821383949,0.8055173526089732,0.9309546120805666,0.9160621761658031,0.887164179075976,0.9973295030199987,0.7688215974373166,0.9290888832521712
10,42,44,0.9195050743778673,0.9748156772162185,0.9989139588179705,0.7971701886851461,0.9332115736708705,0.9166839378238342,0.8940007253659309,0.9964340775183647,0.7645932509441485,0.929617347200178
10,42,43,0.9227026275545669,0.9749994710495996,0.9989375361117019,0.8049024493125089,0.9352844088863332,0.9241450777202073,0.8882614446654071,0.9974836914398071,0.7757620015134151,0.9355096785220661
10,42,42,0.9159599610732657,0.9770191565950137,0.9987690524117742,0.8018959643995267,0.9298317593368794,0.912538860103627,0.8848916483669476,0.9974756900492469,0.7683707794927729,0.9258961109859066
10,42,41,0.9014319477269568,0.9740037475804155,0.9982881006433586,0.7615291709079411,0.9214864364006565,0.898238341968912,0.9007739854685465,0.996302137619567,0.7361105703776403,0.9168471122338717
10,42,40,0.8939246489642708,0.9686743169189495,0.9981535562952055,0.7758577305495357,0.9147632009822282,0.8899481865284974,0.8648999238289204,0.9957944228561508,0.7418975790659943,0.9091053429536303
10,42,39,0.8921868483247601,0.9681231276914702,0.9980820172817313,0.7595408697871864,0.9131558914841081,0.8903626943005182,0.881060573620323,0.9964351434955866,0.7500318728142358,0.9092371745796108
10,42,38,0.8853746698178785,0.9679094804777009,0.9980012022618184,0.7661590169631463,0.9067728531778844,0.8826943005181347,0.8725476130745065,0.9951818868823591,0.7516384795272151,0.9021614034114973
10,42,37,0.8760600583901015,0.9664320960695051,0.997660309350899,0.7667965779228721,0.8986562793781026,0.873160621761658,0.8728504056717634,0.9937879579628336,0.7502502915660318,0.8937518679461971
10,42,36,0.87091616849715,0.9650924811770422,0.9974406359200302,0.7486224942172438,0.89121938199326,0.8692227979274612,0.8456589132664621,0.9946986063372165,0.7067281356494468,0.8879107766270755
10,42,35,0.8687612957041568,0.9628783031343069,0.997302790914654,0.7214952582439359,0.8926952170884966,0.8636269430051814,0.8523335334404206,0.9947046186164303,0.6823653474186131,0.8852294967054719
10,42,34,0.86111497289031,0.9606189773007041,0.9973514992116115,0.7319295329451204,0.8845156572132296,0.8598963730569948,0.8684329008690735,0.9952670432407651,0.7199212358794718,0.8813551756976807
10,42,33,0.8520784095648547,0.9627635016566708,0.996801585075183,0.7092750252606836,0.8790536985558429,0.8433160621761658,0.8697561564452687,0.9933405756671783,0.67851984114357,0.8694388594677614
10,42,32,0.8353260113999722,0.9585353709916145,0.995941821899954,0.7329395246774935,0.8676210907704476,0.8242487046632124,0.8601171342709373,0.9913829983477204,0.7030476952294471,0.8561768559873925
10,42,31,0.8098846100375365,0.9490432306020437,0.9952449856324442,0.6959325494500125,0.8518523734682482,0.8016580310880829,0.8605095407730157,0.9915834762360768,0.6700141710635874,0.8426584466795635
10,42,30,0.8134992353677186,0.9545007135401251,0.9953897666397634,0.7245072716659032,0.8528607242914036,0.8024870466321243,0.8469403262599782,0.9920480906821864,0.6779758638254952,0.8409083316567024
10,42,29,0.8214931183094676,0.9384709562393357,0.994589696855991,0.7234094057656523,0.8582030627590708,0.812020725388601,0.8513699097940784,0.9892678045378716,0.6910034341602916,0.848359373501179
10,42,28,0.8139858195467816,0.9425283322803912,0.9944750292305273,0.7398271576931631,0.8514696525017263,0.8062176165803109,0.8472141967797003,0.9895274318099235,0.7022405064549396,0.8428791550318817
10,42,27,0.8017517030446267,0.9386777917484698,0.994492387037959,0.7436177682119629,0.8416239702431076,0.7929533678756476,0.8530163787382083,0.9898055547318028,0.7063792395259553,0.8317324208245519
10,42,26,0.7781176143472821,0.9385922714154618,0.9936307522578712,0.7137404490288466,0.8227258690378658,0.7695336787564767,0.7958910716439901,0.9887026147086112,0.6515467841598498,0.8140139799814976
10,42,25,0.7544835256499375,0.930140374678784,0.9925377451062529,0.7080301010455987,0.8010766588008076,0.7417616580310881,0.8381983599429447,0.98682896438218,0.7013866126911381,0.7886534546349107
10,42,24,0.7254274989573196,0.9300002596569592,0.9910959117543715,0.6877490806939369,0.7829994702088278,0.7148186528497409,0.7884823559586027,0.9847837379752014,0.6276464926134993,0.7717749734941192
10,42,23,0.7245933546503545,0.9227640398662991,0.9910409154626113,0.6758154844526826,0.782201425696289,0.7133678756476683,0.7679417158420755,0.98594249091647,0.6186243005627213,0.7710245276241317
10,42,22,0.7032531627971639,0.9233579689746202,0.9899009634388642,0.6540013736730144,0.7606802975727406,0.6884974093264249,0.7550900632383842,0.9836508195709278,0.5779832965768817,0.7453344884270137
10,42,21,0.7023495064646184,0.9250193451989669,0.9899511827893113,0.6366115049097867,0.7598268973227678,0.6866321243523316,0.7686289108626909,0.9837177290615601,0.5664528358790574,0.7443944580276723
10,42,20,0.7225775059085222,0.9012078098662528,0.9884353663672002,0.6294522588572771,0.7741460042553615,0.7067357512953368,0.7498079350211373,0.9809774436195171,0.5566800031062259,0.7582834386074907
10,42,19,0.7141665508132907,0.8758616056427206,0.9872369922483173,0.5811509261408289,0.7668783807060159,0.7001036269430052,0.7492263165597413,0.9799215092979293,0.51497860686457,0.7527610860778969
10,42,18,0.6915751424996525,0.8728226921340059,0.9870349569298114,0.5373835167691509,0.7498374326933973,0.677098445595855,0.6930435773757918,0.9795021595206235,0.44508055408516123,0.7353153355655005
10,42,17,0.6749617683859308,0.8545177153983776,0.9857426401382446,0.4788881247647613,0.7351357421791797,0.6646632124352332,0.6993948766526941,0.9687984529725813,0.45923751176473876,0.7240240696292174
10,42,16,0.5980814680939802,0.8472887006763172,0.9821624360474943,0.45254364520160323,0.6691583845163553,0.5850777202072539,0.6774624079407939,0.9644385748466925,0.4298772981939245,0.6559199179032005
10,42,15,0.5882802724871403,0.8185380302288597,0.9799154241323662,0.44250232426760727,0.6601564937734573,0.5767875647668393,0.6619260334181081,0.952739506873463,0.44129867640992687,0.6492305130214684
10,42,14,0.5576949812317531,0.8116097458503344,0.9782954711698809,0.41496254640099123,0.6343016201321663,0.5432124352331607,0.6331537233701147,0.9593769966211334,0.390121973640874,0.6201731385256729
10,42,13,0.5273877380786877,0.8019798327572687,0.9760649641700009,0.36256455853915875,0.6143113097059355,0.5094300518134715,0.6124249236220862,0.9452344821542568,0.3580704580532039,0.5967272940684167
10,42,12,0.5188377589322953,0.7625830127543982,0.973324913825176,0.34006228643034325,0.6065567286354138,0.4998963730569948,0.5824154039500861,0.9343363619817795,0.34169300389935586,0.5874675473747959
10,42,11,0.4746976226887252,0.7468558422345873,0.9706516840661175,0.29061865656347197,0.5700120940485426,0.45823834196891194,0.5457803916160942,0.9164225814950504,0.2821060023763845,0.5522538249393183
10,42,10,0.398860002780481,0.7172911091438189,0.9621831053780486,0.2638810054252094,0.4956205138746321,0.38590673575129536,0.5291244623940677,0.9178116096481854,0.2529883693978023,0.48441789111904704
10,42,9,0.3438064785207841,0.7004364749089244,0.9586024357449352,0.24024166393956567,0.4321737211866187,0.3355440414507772,0.5620369474483929,0.9129925465977052,0.2331027297413254,0.42409097639509846
10,42,8,0.30759071319338244,0.6600714407886968,0.9534131139746578,0.18534235301429022,0.3795620816641822,0.29658031088082903,0.5533175109350673,0.9117809550010879,0.18265501529580905,0.36871691188345473
10,42,7,0.1906019741415265,0.6056814442962744,0.9379875118981815,0.13814386374703203,0.2539082142728828,0.17533678756476684,0.560274218463519,0.9165117866030732,0.11991774371004268,0.23053409679449674
10,42,6,0.13193382455164743,0.5499420889851254,0.9268727123894606,0.12117124945032924,0.19327371882439767,0.12,0.5009937709902003,0.876401711645463,0.10656061008609825,0.17187413402289575
10,42,5,0.07124982621993604,0.449008917344832,0.9118272656789733,0.051585593914872926,0.11063843014562554,0.06673575129533679,0.4139165788864355,0.8462825759613618,0.05147459945703567,0.09971231809986325
10,42,4,0.037884053941331854,0.3527040143781717,0.8815466907271113,0.02698491935622589,0.05058420002069549,0.040829015544041454,0.35096370241271996,0.8181307184953925,0.03573222453653674,0.053078254883742695
10,42,3,0.007368274711525094,0.26001298701298703,0.818226397997995,0.014446519240174888,0.0008205866591183453,0.007253886010362694,0.23204848484848484,0.7865988314750519,0.021315001589233003,0.0009136216414273987
10,42,2,0.0022243848185736132,0.15636363636363637,0.7517385562182196,0.0014328108557575053,2.327328976627518e-05,0.002694300518134715,0.14,0.7291977161423978,0.0017656508539163984,3.314582310917337e-05
10,42,1,0.0004865841790629779,0.08,0.6448712441562365,0.00014589800887332996,9.789587656691447e-07,0.0008290155440414508,0.08,0.6409236650686786,0.00023102099054615128,2.393999902032656e-06
