trial_number,param_n_estimators,param_max_depth,param_learning_rate,param_subsample,param_colsample_bytree,param_gamma,param_reg_alpha,param_reg_lambda,param_min_child_weight,cv_bal_accs,cv_macro_f1s,cv_macro_aucs,cv_total_scores,mean_bal_acc,mean_macro_f1,mean_macro_auc,mean_total_score,std_total_score
0,292,29,0.42193534890240725,0.8859263974697458,0.8790915298389084,1.080447477901882,7.609783021777679,0.00010743635758480375,3,"[0.8894590167746926, 0.9152504814750951, 0.9435921843263234, 0.938776105422722, 0.9230051710604938]","[0.7561733749715407, 0.7567597753452737, 0.7742575285283059, 0.7532329204746405, 0.7606804945063783]","[0.9979112930529438, 0.9991427406134612, 0.9995627354144193, 0.9994100765263336, 0.9978216897198152]","[2.643543684799177, 2.67115299743383, 2.7174124482690485, 2.691419102423696, 2.6815073552866875]",0.9220165918118655,0.7602208187652278,0.9987697070653947,2.681007117642488,0.02422651542548334
1,159,40,0.0034162220117615527,0.9451972942396889,0.9933602708701251,0.8192112070234936,0.0969772176375961,0.00011089972988111857,4,"[0.8822986764170104, 0.9203638019512452, 0.9790172696937381, 0.9525449005780415, 0.9181724058432041]","[0.7178604394697932, 0.7230785319480327, 0.7437495053112271, 0.7395176533902579, 0.7241306230554677]","[0.9966820365643626, 0.9918559633805663, 0.9988247683782626, 0.9978003608485038, 0.9971105067318827]","[2.5968411524511663, 2.635298297279844, 2.721591543383228, 2.6898629148168034, 2.639413535630555]",0.930479410896648,0.7296673506349557,0.9964547271807156,2.6566014887123193,0.04393308356814358
2,61,48,0.015036498573411461,0.9795909227126252,0.9145223943740244,4.331446492908492,0.0007342215165736994,0.00023699704719740323,7,"[0.9363090598781737, 0.929655897506903, 0.976179914000922, 0.9548575611288059, 0.9193188526097148]","[0.7069894028990749, 0.7158657599924375, 0.721183334715602, 0.7199502306804768, 0.7046484968652179]","[0.9974237688365644, 0.9981563969692544, 0.9989058267988875, 0.9985943812669608, 0.9980026721073181]","[2.640722231613813, 2.643678054468595, 2.6962690755154117, 2.6734021730762434, 2.621970021582251]",0.9432642570249039,0.713727445030562,0.9982166091957969,2.6552083112512626,0.026323298406242514
3,92,38,0.012658368286050131,0.8111635293671682,0.9750286335803768,2.60848061222479,0.0003475096863385014,0.0006181829688383955,6,"[0.928572963990221, 0.929804238885716, 0.9773516220701518, 0.9502033919142133, 0.9133758454310023]","[0.7045001663406929, 0.7142757837275717, 0.7257903480934338, 0.7249293892260957, 0.7048554990987838]","[0.9972385247407425, 0.9975848148076897, 0.9989669292435264, 0.9982221163956585, 0.9975816424638906]","[2.6303116550716563, 2.6416648374209775, 2.702108899407112, 2.6733548975359676, 2.6158129869936766]",0.9398616124582608,0.7148702372973156,0.9979188055303017,2.6526506552858775,0.03114969177582334
4,181,33,0.01212339231209846,0.8599220436077368,0.7587600011606931,3.1195805677411155,0.6871077316537374,0.0007849998074265786,4,"[0.9453426081609788, 0.9403498063659487, 0.982270580908694, 0.9624385859174655, 0.9222960416471477]","[0.7432602722041239, 0.744158235078224, 0.7540409984373736, 0.7578466398985513, 0.729329933336537]","[0.9988747412861099, 0.9993160728402818, 0.9996147777677729, 0.9994102216143615, 0.9990067839174427]","[2.6874776216512126, 2.6838241142844543, 2.735926357113841, 2.7196954474303783, 2.650632758901127]",0.9505395246000468,0.7457272157909619,0.9992445194851938,2.6955112598762025,0.02977738597448032
5,176,35,0.004838087988480903,0.8218963451770234,0.8499723376256391,4.47750583028073,0.006520305465210518,0.15409387094990393,2,"[0.9384717458556651, 0.9293521185044391, 0.9768446204961633, 0.9568221743433308, 0.9221627755242706]","[0.7400463042335944, 0.7467787463614529, 0.7513143214074981, 0.7862351104271693, 0.7261249630967219]","[0.9986578513161376, 0.9991552031568856, 0.9994618428075343, 0.9992606049512771, 0.9987597241746222]","[2.677175901405397, 2.6752860680227775, 2.7276207847111955, 2.742317889721777, 2.647047462795615]",0.9447306869447738,0.7500998891052874,0.9990590452812913,2.6938896213313526,0.035504132176432945
6,174,11,0.30108441456524204,0.772728828536491,0.9320752408393385,2.083881523391813,3.3368596755309405,0.010571243743222504,4,"[0.9341406520682359, 0.9167907184773431, 0.9660728729982133, 0.9395807908279873, 0.9102969146074505]","[0.7705854051190814, 0.7765241362959807, 0.7769033054945902, 0.763448546073359, 0.7624401631608437]","[0.998041635946073, 0.9991389000403441, 0.9996309492096155, 0.9995056361059848, 0.9981019633137094]","[2.7027676931333904, 2.692453754813668, 2.742607127702419, 2.702534973007331, 2.6708390410820035]",0.933376389795846,0.769980311228771,0.9988838169231453,2.702240517947762,0.02328802817989034
7,193,43,0.21079087213831446,0.8382752468273338,0.633864644408164,2.9863330365958745,0.0016875962159927384,0.46022185962636536,9,"[0.9418101766445934, 0.9333457644596725, 0.9798631036451456, 0.9611577374570204, 0.9250598523593961]","[0.766681503890356, 0.7941409823355433, 0.8136371506202856, 0.7988244996578255, 0.7703901389425454]","[0.9989939099176811, 0.9994328118540052, 0.9998071521915038, 0.9996316004809497, 0.9992026265126526]","[2.7074855904526305, 2.7269195586492208, 2.793307406456935, 2.7596138375957957, 2.6946526178145938]",0.9482473269131656,0.7887348550893112,0.9994136201913586,2.736395802193835,0.0359057122042827
8,179,31,0.0014983596660618542,0.8160298918571225,0.6516747134681751,3.07281423175166,0.006580391538141432,0.6899063966691875,1,"[0.9464086912061918, 0.9443855560763356, 0.9831679918811274, 0.9652191529367193, 0.9323759428851963]","[0.7525766051340022, 0.7609800517831321, 0.7712404720334978, 0.76416217181343, 0.7506357230361935]","[0.9990665151641447, 0.9994297389203223, 0.9995880399706136, 0.9994670167734435, 0.9992082540744106]","[2.698051811504339, 2.70479534677979, 2.7539965038852388, 2.728848341523593, 2.6822199199958003]",0.9543114669971141,0.7599190047600511,0.999351912980587,2.713582384737752,0.025172863956163825
9,77,35,0.024492600065350485,0.8286565486458997,0.9374827975962622,2.4386881957483713,1.1238856099928074,0.0355809997343672,10,"[0.9352268193123645, 0.9303715011761944, 0.9768069297523888, 0.9567851045709164, 0.9106881633786154]","[0.7011208441152011, 0.7003929382945528, 0.722192244705743, 0.7241719107314347, 0.7000557238998608]","[0.9973743109744254, 0.9981706348685637, 0.9991364176394539, 0.9985580168581913, 0.9978934681663537]","[2.633721974401991, 2.628935074339311, 2.698135592097586, 2.6795150321605425, 2.60863735544483]",0.9419757036380959,0.7095867323493585,0.9982265697013977,2.6497890056888522,0.033488873770503164
10,279,20,0.10256687372674075,0.6500678151937743,0.6184556196074236,3.975317335242097,0.0001334771217015456,6.068143921945056,10,"[0.9494939482179242, 0.9327677636100846, 0.9792565904132526, 0.9605495335250608, 0.9241158581736747]","[0.7556881361103717, 0.7688855850218056, 0.7866761276057129, 0.7681403959088304, 0.7637092501776113]","[0.9990105296877606, 0.9993478778920882, 0.9997746980599074, 0.9995721136002015, 0.9991075944101762]","[2.7041926140160566, 2.7010012265239784, 2.7657074160788726, 2.7282620430340927, 2.686932702761462]",0.9492367387879994,0.7686198989648665,0.9993625627300269,2.7172192004828926,0.02765153884265043
11,294,18,0.0972426126347487,0.6489834394717304,0.6071048884892002,3.6416711524089997,0.00010388460338167832,7.503069758219218,10,"[0.9448747243825248, 0.9324021078104627, 0.9792507086667007, 0.9606103695375987, 0.9240685989977065]","[0.7570487608577305, 0.7694294009203198, 0.7719994031100675, 0.7932971304442036, 0.7655359380118694]","[0.9990143295857298, 0.9993061432261152, 0.9998035097292912, 0.9995624611914791, 0.9991229099122456]","[2.700937814825985, 2.7011376519568975, 2.7510536215060597, 2.7534699611732814, 2.6887274469218214]",0.9482413018789988,0.7714621266688382,0.9993618707289722,2.7190652992768087,0.02748572369688661
12,247,20,0.09260470927352768,0.7125322587038939,0.6984471458589078,3.52766083398811,0.0019401299437699247,5.864456040296033,8,"[0.946110901803269, 0.92403733746923, 0.9798010962473449, 0.9606887411651672, 0.9244450651937792]","[0.7779721000704809, 0.7788076141411637, 0.7838398265229465, 0.8018930291372091, 0.7666062152010733]","[0.9990912038160998, 0.9992815806707759, 0.9997767106470564, 0.9995842837533233, 0.998999408305233]","[2.72317420568985, 2.7021265322811696, 2.763417633417348, 2.7621660540556996, 2.6900506887000857]",0.9470166283757582,0.7818237570145747,0.9993466374384976,2.7281870228288305,0.03018088126476478
13,234,5,0.09684385180096099,0.7205913617046458,0.7026072449537222,4.923192330595813,0.002038462415037082,0.7924783447090861,8,"[0.9397476133080279, 0.9317022236430104, 0.9793029637998338, 0.96020452086399, 0.9247774438245147]","[0.7668175267598925, 0.7575632594047507, 0.7550717527865047, 0.7884999222934168, 0.7502811547319524]","[0.9989980507156436, 0.9992271444988136, 0.9997840810743116, 0.9995150299115301, 0.9989923145519533]","[2.7055631907835638, 2.688492627546575, 2.7341587976606503, 2.7482194730689367, 2.6740509131084202]",0.9471469530878753,0.7636467231953034,0.9993033241504505,2.710097000433629,0.027636634291702572
14,233,50,0.04650637889398411,0.7113344848942553,0.7191530575053033,1.768858206181091,0.034539468002400354,1.3170076584685506,8,"[0.94069411790169, 0.9244690093446217, 0.9801794637009713, 0.9610948044379133, 0.9257632922175085]","[0.7686364322156649, 0.789283755226946, 0.7931201833377862, 0.8139427991010577, 0.777024424482613]","[0.999304602804944, 0.999388951475066, 0.9998338317525756, 0.9996104517453613, 0.9992544316064156]","[2.708635152922299, 2.713141716046634, 2.773133478791333, 2.7746480552843322, 2.7020421483065373]",0.9464401375205409,0.7884015188728136,0.9994784538768725,2.734320110270227,0.03250516564917051
15,219,50,0.037035987645812965,0.7245449229688928,0.7760093803121808,1.5035941917362798,0.04008872331109352,0.6910210069246817,8,"[0.938703827619942, 0.9235395605860139, 0.9796997048711453, 0.9609039284385436, 0.9256997330400923]","[0.7668792442362415, 0.7861405978651743, 0.7907335737151366, 0.7912988482701079, 0.7731622404764765]","[0.999269225761477, 0.9993054041573717, 0.9998059682076184, 0.9995706326141903, 0.9992311507027631]","[2.7048522976176606, 2.70898556260856, 2.7702392467939, 2.751773409322842, 2.698093124219332]",0.9457093509111474,0.7816429009126273,0.999436476288684,2.7267887281124588,0.028753362365032453
16,132,45,0.2275252567212674,0.6037049067408917,0.7077675895531197,0.1584557068449488,0.13573850245109442,0.12992731726998463,9,"[0.9335499130792221, 0.9197248283725744, 0.9659854292678766, 0.9510446942738509, 0.9237479538303093]","[0.7995067505756006, 0.8079946560212581, 0.798614314677398, 0.7997986280660458, 0.7898487967556679]","[0.9992272484202754, 0.9995397025934141, 0.9998061778808486, 0.9996115545973407, 0.9994296392605772]","[2.732283912075098, 2.7272591869872467, 2.764405921826123, 2.7504548769372374, 2.7130263898465543]",0.9388105637647666,0.799152629219194,0.9995228645504912,2.7374860575344515,0.018015526149163713
17,121,43,0.18615847547047149,0.900598569707746,0.6624699308532673,0.0642343058509068,0.38247952798169177,0.05373012708910536,6,"[0.9372262282728825, 0.9213649021624901, 0.9727449064098418, 0.9620420506152095, 0.924695847932325]","[0.8001785651710359, 0.8119250521612765, 0.8186550869343655, 0.8416643890984019, 0.8014133530168012]","[0.9994109768185744, 0.9995475158576391, 0.999835734773993, 0.9996695090773956, 0.9995053117071262]","[2.736815770262493, 2.7328374701814058, 2.7912357281182003, 2.803375948791007, 2.7256145126562523]",0.9436147870785497,0.8147672892763762,0.9995938096469457,2.757975886001872,0.03254022658723096
18,119,44,0.20293513267557342,0.6072780054713403,0.8120901307798385,0.2272535750121456,0.22797390728633013,0.012103369736100147,6,"[0.9430137584667665, 0.9113012619094764, 0.9752299225913095, 0.9540284167979703, 0.91905831705286]","[0.808267158542222, 0.810636398733555, 0.818494786312677, 0.8269241115201262, 0.7867573500582897]","[0.9991241428469722, 0.9994166240907936, 0.9997881312344241, 0.9996261199651942, 0.9993779505908335]","[2.750405059855961, 2.721354284733825, 2.7935128401384106, 2.780578648283291, 2.7051936177019833]",0.9405263353636766,0.8102159610333739,0.9994665937456435,2.750208890142694,0.033634969253796644
19,112,42,0.4877921810775572,0.9011468853365926,0.8262916707202269,0.0751852058005043,0.5875807336824824,0.0076355497644776445,6,"[0.9240862851747776, 0.915072221317397, 0.9655664021346805, 0.9460961334120533, 0.9207086982952538]","[0.8032143269724866, 0.8179355572650592, 0.8146115336567586, 0.8010256929793623, 0.7918568039593871]","[0.999308264176556, 0.9993498925886535, 0.9998113230133775, 0.9996397693290794, 0.9993215701535766]","[2.7266088763238203, 2.7323576711711093, 2.7799892588048167, 2.746761595720495, 2.7118870724082176]",0.9343059480668325,0.8057287829666107,0.9994861638522486,2.7395208948856915,0.023116125838529615
20,135,27,0.1495001061816391,0.9321204575328318,0.7983065911715062,0.6191249641947832,0.2122655054157961,0.005452041625209382,5,"[0.92891224085803, 0.922373691871222, 0.9723802144791819, 0.9583769814366444, 0.9239340192224017]","[0.7888881111543553, 0.8219657807797154, 0.841027961594189, 0.8115910339783683, 0.7968417747571871]","[0.9993812176618139, 0.9994075115459623, 0.999828546177223, 0.9996482177454885, 0.9992009621172854]","[2.7171815696741994, 2.7437469841968998, 2.813236722250594, 2.769616233160501, 2.7199767560968744]",0.941195429573496,0.8120629324527631,0.9994932910495546,2.752751653075814,0.035674546728185735
21,136,26,0.1603336125831178,0.9329084529717169,0.8138410920627287,0.61373989735164,0.18412707395523636,0.0055576567122538854,5,"[0.929850491312271, 0.9193041935571565, 0.9717848927547272, 0.9583820308824478, 0.9242052970639998]","[0.7928087989500615, 0.8168565652360473, 0.8412939454641788, 0.8092645622789904, 0.7964643251161349]","[0.999248660907664, 0.9994123093572181, 0.9998300244159164, 0.9996433018556747, 0.9992303486259899]","[2.7219079511699964, 2.735573068150422, 2.8129088626348224, 2.7672898950171128, 2.7198999708061242]",0.9407053811141205,0.8113376394090827,0.9994729290324926,2.751515949555696,0.035066469112143374
22,146,25,0.055979171962009834,0.9312905649417877,0.770968600706059,0.7160981137391971,0.35398721667987454,0.002806424459100476,5,"[0.9313826995525922, 0.9241187478143859, 0.9760646968753912, 0.9615187671044633, 0.9257407851049747]","[0.7860772393297774, 0.8031540596964206, 0.8062528001567418, 0.7938130737188139, 0.7906953554368719]","[0.9993934214409428, 0.9994487760893365, 0.9998209945219653, 0.9996262042479381, 0.9993237673768884]","[2.716853360323312, 2.726721583600143, 2.7821384915540985, 2.7549580450712154, 2.715759907918735]",0.9437651392903614,0.7959985056677251,0.9995226327354143,2.7392862776935005,0.02567689202248588
23,93,25,0.14604600827189845,0.9943836030593871,0.8646242597700372,0.664273415519975,2.562629035054519,0.0025061266989949383,5,"[0.9310997726502127, 0.9209430755002376, 0.9759273586132114, 0.9478286646507198, 0.9237863450210659]","[0.7765834335604183, 0.7958351165678123, 0.8132769130950832, 0.8013094512824424, 0.7784158764626854]","[0.9992750658287775, 0.9990967115080626, 0.9998193779578499, 0.9995680090652753, 0.9991125962015631]","[2.7069582720394085, 2.7158749035761125, 2.7890236496661447, 2.7487061249984373, 2.7013148176853146]",0.9399170432870895,0.7930841581936883,0.9993743521123056,2.7323755535930836,0.03273766429915746
24,143,12,0.06403191207551542,0.9483990470444765,0.7357254425941671,1.150235245490298,0.07196805707105271,0.04096199551988964,5,"[0.9313152952277016, 0.9239801979486509, 0.975489424208755, 0.9604105467498742, 0.9264928961777386]","[0.7729387064046849, 0.8023312301998924, 0.7997886243272031, 0.7856332119157722, 0.7849473804553836]","[0.9994143825881414, 0.9995372603383862, 0.999829690558315, 0.9996493693027894, 0.9993979594571429]","[2.703668384220528, 2.7258486884869293, 2.775107739094273, 2.745693127968436, 2.7108382360902654]",0.943537672062544,0.7891278306605872,0.999565732448955,2.732231235172086,0.02582189347291812
25,125,27,0.15393702069036624,0.9069220432573863,0.6522685375202657,0.6069161020982576,0.019688928645475248,0.0040832152106913796,7,"[0.946091108712287, 0.9251482560706265, 0.9756880848841162, 0.9638172063888166, 0.9267511306441176]","[0.8104063728511436, 0.8145473386097559, 0.8194832476106407, 0.8023863233036108, 0.7954266260971934]","[0.9994517599667117, 0.9995625399905806, 0.9998422128706679, 0.9996987752014224, 0.9994803166031677]","[2.755949241530142, 2.7392581346709632, 2.795013545365425, 2.76590230489385, 2.7216580733444786]",0.9474991573399926,0.8084499816944689,0.99960712092651,2.7555562599609713,0.02481446511859851
26,108,16,0.030746056650296495,0.8847924605713227,0.6740123016358194,1.3654922205541198,0.012064300768078755,0.09759127959258132,7,"[0.9460444124674151, 0.9431254362377152, 0.9835403133206835, 0.9647378940987501, 0.9223862514814045]","[0.7482374897708468, 0.7501582070708936, 0.7581508058428803, 0.7473289306488617, 0.7380781653805757]","[0.9991783755543817, 0.9994617288678793, 0.9997137807658265, 0.9995513051394882, 0.9992258698494682]","[2.693460277792644, 2.6927453721764882, 2.7414048999293903, 2.7116181298871, 2.6596902867114482]",0.9519668615211938,0.7483907197428117,0.9994262120354088,2.699783793299414,0.02671847125253149
27,65,29,0.3024445951593726,0.9042187750955794,0.6718331682440849,0.3380667958318997,0.047095140156642144,0.0013542130549079152,7,"[0.9340163246531222, 0.9208748196665174, 0.9719902139137262, 0.9614795096733535, 0.9210531041714853]","[0.8059636822024328, 0.811687636374272, 0.8249373493294203, 0.8360639611342581, 0.79238919210839]","[0.9994312408904277, 0.9995142993573433, 0.9998385194589758, 0.9996305933102285, 0.9993926080691793]","[2.7394112477459824, 2.7320767553981327, 2.7967660827021223, 2.79717406411784, 2.7128349043490547]",0.9418827944156408,0.8142083642297546,0.9995614522172309,2.7556526108626267,0.0348347742205218
28,50,37,0.31469599820988975,0.7756829079947095,0.6600518063421942,0.0067343436359733055,0.012655396461168915,0.0016309868821869123,7,"[0.9346491634196081, 0.9219376580634973, 0.9791885405161709, 0.9587634877907532, 0.9178758814649225]","[0.8141364183129095, 0.8013813529215196, 0.8212373728492015, 0.8325640359925918, 0.7917915934372881]","[0.9994167888119062, 0.9994952863940614, 0.9998401211409658, 0.9997009410960355, 0.9993889605685111]","[2.7482023705444236, 2.7228142973790783, 2.800266034506338, 2.7910284648793806, 2.7090564354707216]",0.9424829462509905,0.8122221547027021,0.999568419602296,2.754273520555988,0.03615899235502719
29,83,30,0.40104997709075396,0.8929520703948667,0.6732700123020608,1.0611595485294307,0.0196517902119728,0.0216714736905544,7,"[0.9394148698262427, 0.9220941394691877, 0.9715340607375869, 0.9438137065911566, 0.9193868015849911]","[0.7859953250437448, 0.7958766460112059, 0.8112234418043727, 0.8005691411029416, 0.7827770086255232]","[0.9992032066943765, 0.9994958525022652, 0.9998025657778943, 0.9996124703928787, 0.9993327374982856]","[2.7246134015643637, 2.7174666379826586, 2.782560068319854, 2.743995318086977, 2.7014965477087998]",0.939248715641833,0.7952883125175576,0.99948936657314,2.7340263947325303,0.02784211858359163
30,60,23,0.497473353356737,0.8652912961608001,0.6356142241711417,0.33752324622332863,8.895309100446825,0.0010105912430386106,9,"[0.935431307122554, 0.9291518209951289, 0.9786507993974554, 0.9462516344381641, 0.9307723357706301]","[0.7370215806607496, 0.7386034584120661, 0.7605635363900868, 0.7515677033569862, 0.7296957736292837]","[0.9991681327250237, 0.9992874479144751, 0.9997462572198259, 0.999559351489149, 0.998988279376593]","[2.6716210205083275, 2.66704272732167, 2.738960593007368, 2.6973786892842995, 2.6594563887765066]",0.9440515795447866,0.7434904104898344,0.9993498937450134,2.6868918837796345,0.028986266518975207
31,53,36,0.3210614872766142,0.7637528065683257,0.6760646148445866,0.0058409811461629935,0.009757892103433509,0.002487699433137005,7,"[0.9353309624786033, 0.921093852039792, 0.976217198555021, 0.95760806988006, 0.9283421135828809]","[0.7973782226896969, 0.8101740046700595, 0.8082099488283211, 0.8353097693357892, 0.7993833660529448]","[0.9994144659294341, 0.9994798034360965, 0.999842278399112, 0.9996404900144471, 0.9994068583850467]","[2.732123651097734, 2.7307476601459477, 2.784269425782454, 2.792558329230296, 2.7271323380208723]",0.9437184393072714,0.8100910623153623,0.9995567792328274,2.753366280855461,0.02878225877399927
32,73,40,0.26228655471551704,0.7794734159615084,0.6544798557985898,0.40089911094900504,0.05598250527382918,0.0002971791464758844,6,"[0.9392174756282098, 0.9211723209784202, 0.9720273933359523, 0.961458468861662, 0.9193828981639109]","[0.7952229496315391, 0.8076449540998949, 0.8382623984360836, 0.8368436690254025, 0.7912257207991225]","[0.9994833104158692, 0.9995622065478037, 0.9998337262738698, 0.9996654467459648, 0.9993288432656999]","[2.733923735675618, 2.728379481626119, 2.8101235180459057, 2.7979675846330294, 2.7099374622287336]",0.942651711393631,0.8138399383984085,0.9995747066498415,2.7560663564418815,0.04015625285656095
33,74,40,0.2774718943157798,0.9634817821667461,0.6016279233638835,1.0026040100749827,0.0783611645724827,0.00031114486061711757,6,"[0.9393887812437879, 0.9220102903103148, 0.9721679832730554, 0.9627837776088042, 0.9255225382300517]","[0.7913106546852695, 0.8028385705054432, 0.8251263528107812, 0.8345380291208728, 0.7888368718893983]","[0.9994643646287686, 0.9995202067401264, 0.999855688007873, 0.999730527882878, 0.9994516757112938]","[2.730163800557826, 2.7243690675558843, 2.7971500240917098, 2.797052334612555, 2.7138110858307436]",0.9443746741332028,0.8085300958023531,0.9996044925941879,2.7525092625297436,0.036784839233410006
34,100,47,0.14767789037134024,0.9128000859429481,0.729957745146435,0.39954912426817496,0.03837429036515297,0.0001084893651478312,3,"[0.9385993729364711, 0.9224935480344871, 0.9732362797854417, 0.9593529021123629, 0.9249629556592746]","[0.8286230446929815, 0.8248653860294016, 0.8242405247227441, 0.8460107426544862, 0.8071003611578353]","[0.9994936815922558, 0.9994353570711992, 0.9998539539859205, 0.999700329483832, 0.9993544520519078]","[2.7667160992217084, 2.746794291135088, 2.7973307584941063, 2.805063974250681, 2.7314177688690178]",0.9437290117056076,0.8261680118514898,0.999567554837023,2.76946457839412,0.028329831471170564
35,99,48,0.06448535765458245,0.8532737584576761,0.742732191990917,0.39365305824878744,0.061054167601688296,0.00015812275020302054,3,"[0.946264055267969, 0.9252650022306176, 0.9721455654484624, 0.9617238896179771, 0.9194210200059768]","[0.7970369416620652, 0.8066485939971684, 0.808473535297313, 0.8326863575033951, 0.7917131839239278]","[0.9993865027239375, 0.9995712908149673, 0.9998158851087964, 0.9996408251286105, 0.9994202391031353]","[2.7426874996539716, 2.731484887042753, 2.780434985854572, 2.794051072249983, 2.7105544430330397]",0.9449639065142007,0.8073117224767739,0.9995669485758893,2.751842577566864,0.030990462737608946
36,66,40,0.0051395123896886994,0.7954937669101293,0.6959176586018908,1.709783304895472,0.45059882790264233,0.00040057442964928,3,"[0.9503214356210262, 0.9437879573145512, 0.9822240743388861, 0.9619058951700685, 0.9248403078494182]","[0.745135509194421, 0.760701241556768, 0.7691363976473365, 0.7505130864938802, 0.7409400767034142]","[0.9986039824383508, 0.9990889258396001, 0.9993916156335212, 0.9992740746359293, 0.9986836931358808]","[2.694060927253798, 2.703578124710919, 2.7507520876197438, 2.711693056299878, 2.6644640776887134]",0.9526159340587901,0.753285262319164,0.9990084583366563,2.7049096547146108,0.027938703450074934
37,101,46,0.018627096953617573,0.9131051505459818,0.7376413400985917,0.9908435299642755,1.9159578730545404,0.00012200965095901167,4,"[0.9454229111284256, 0.9403726828492668, 0.9833697114532987, 0.9651074290933016, 0.9224075202801519]","[0.745117105915751, 0.7517638755749606, 0.7604841113463218, 0.7490607013452266, 0.7340448928039593]","[0.9988675318089321, 0.999279298488041, 0.9995673436831538, 0.9993932014414879, 0.9989938851339966]","[2.689407548853109, 2.6914158569122684, 2.7434211664827743, 2.7135613318800162, 2.6554462982181075]",0.9513360509608889,0.7480941373972438,0.9992202521111222,2.698650440469255,0.02908993208231798
38,157,47,0.3786574774802137,0.8737923439389985,0.6332225413831559,0.3719821953358763,0.0038551296365018184,0.00048286545830742686,2,"[0.9311020414539171, 0.9116253506489184, 0.9716276234229287, 0.9486951052561844, 0.9113212728714444]","[0.8255842471900161, 0.821595417573066, 0.8273713204497813, 0.8506287612654526, 0.803173572337876]","[0.9993909038583009, 0.9995963168984235, 0.9998192692278951, 0.9996252566519759, 0.9991162291012482]","[2.756077192502234, 2.732817085120408, 2.7988182131006054, 2.798949123173613, 2.7136110743105686]",0.9348742787306786,0.8256706637632384,0.9995095951475687,2.7600545376414862,0.03443865473325248
39,149,41,0.20986569796760626,0.8724954667111756,0.6286464827482231,1.3461976180099764,0.003832580646029029,0.0005018325747036602,1,"[0.9306216537659431, 0.9146993798732944, 0.9715473529652122, 0.9619485715990954, 0.922403163203307]","[0.8177261303311308, 0.8142903210637403, 0.838004348739283, 0.8147726428925063, 0.8026295282749247]","[0.9993841199539415, 0.9992576755549396, 0.9998503259876039, 0.9996502808707208, 0.9988908759297891]","[2.7477319040510153, 2.728247376491974, 2.8094020276920992, 2.7763714953623224, 2.7239235674080207]",0.9402440242813703,0.817484594260317,0.999406655659399,2.757135274201086,0.03202435697213681
40,161,47,0.11768675244794713,0.8736082800514988,0.6320067345289754,1.9740350518751502,0.003517827652956498,0.0006601127774308243,1,"[0.946860591670025, 0.9234299284172767, 0.9728681825988623, 0.9618248124537192, 0.9263934516717791]","[0.8209864866056441, 0.8076689419274746, 0.8354432184644891, 0.8249785600758023, 0.7970603638986904]","[0.9994700472328245, 0.9990412574229895, 0.9998555955377367, 0.9996751859748139, 0.9992496257696442]","[2.7673171255084936, 2.730140127767741, 2.8081669966010883, 2.786478558504335, 2.722703441340114]",0.9462753933623326,0.8172275141944201,0.9994583423876018,2.7629612499443543,0.032599123298568206
41,162,47,0.13044320108146698,0.8724056642888058,0.6323808001058305,2.4520919473931997,0.004345932132958028,0.0006176014690895351,1,"[0.9470492232827052, 0.9233031418925484, 0.9722707635225559, 0.9616025156342731, 0.9251971707072062]","[0.7992633991885154, 0.8064483140453271, 0.8278109210717283, 0.820892485879512, 0.7917119437313314]","[0.9994365437126533, 0.9991277974397201, 0.9998430857096244, 0.9996618921682754, 0.9991232859630551]","[2.7457491661838738, 2.7288792533775954, 2.7999247703039085, 2.7821568936820604, 2.7160324004015926]",0.9458845630078578,0.8092254127832827,0.9994385209986657,2.7545484967898064,0.03175234710833468
42,196,42,0.19033142335155706,0.8486773604296848,0.6306098325088978,2.0580332109317623,0.0008056597667039352,0.00010460749396292529,2,"[0.9483185182522663, 0.9241452866336826, 0.9722853890899047, 0.9607436143242549, 0.9252489068250804]","[0.7897923473888226, 0.8081871505957305, 0.8121295989212304, 0.8165938762282313, 0.7918893327763967]","[0.9991707001571849, 0.9994020368120796, 0.9998203918769473, 0.9996336451848638, 0.9989850231027689]","[2.737281565798274, 2.7317344740414926, 2.7842353798880826, 2.77697113573735, 2.716123262704246]",0.9461483430250377,0.8037184611820823,0.9994023594267689,2.749269163633889,0.026607721161211097
43,158,48,0.009716177847012779,0.8754466084818324,0.6178423125515895,2.174749069350969,0.0032554419185285136,0.0005384280406024475,2,"[0.9516889335294408, 0.9503086931503298, 0.9847516569699208, 0.9681144403936106, 0.9230184940212465]","[0.7725281533754643, 0.7808708470811966, 0.7853940842784666, 0.7807450769490759, 0.7621844718329923]","[0.9993544600256723, 0.9995870021183009, 0.9997477904706692, 0.9996371880025547, 0.9994427074235738]","[2.7235715469305775, 2.7307665423498273, 2.7698935317190565, 2.748496705345241, 2.6846456732778123]",0.9555764436129095,0.7763445267034391,0.9995538296081541,2.731474799924503,0.028360798141181653
44,157,44,0.08127129656465854,0.9669068414730906,0.6429736357702379,1.3539458565264741,0.0006901673985940852,0.0001684988485154744,1,"[0.9385173447482685, 0.9244341121889247, 0.9763581919552239, 0.9619279348887936, 0.9261146813991555]","[0.7986699051094898, 0.8147665214844902, 0.821504993675985, 0.8367713421956396, 0.8049621258472733]","[0.9995965695533594, 0.9996547968373405, 0.9998794025820987, 0.9997307610395985, 0.9995487612785113]","[2.7367838194111176, 2.7388554305107555, 2.797742588213308, 2.7984300381240317, 2.7306255685249403]",0.9454704530360732,0.8153349776625756,0.9996820582581817,2.7604874889568305,0.03081922663644484
45,196,45,0.0808625328379814,0.9657678059192393,0.6839752740275584,0.8943152524372758,0.00043765419995183015,0.00021178027416325385,2,"[0.9405585411355604, 0.9254805095907678, 0.9758701516284656, 0.961937560268656, 0.9270966305948138]","[0.800963109288329, 0.8208464432475912, 0.8195545792372197, 0.8443129492911354, 0.806307347253326]","[0.999578797160588, 0.9992418075530206, 0.9998735248355161, 0.9997168296368513, 0.9994342177454921]","[2.7411004475844774, 2.7455687603913796, 2.7952982557012014, 2.8059673391966427, 2.732838195593632]",0.9461886786436526,0.8183968856635204,0.9995690353862935,2.764154599693467,0.03025186609801161
46,195,33,0.07630835771066576,0.9648279797694401,0.6872878281589678,1.734507185595648,0.00041623935708870566,0.00019906058443180943,2,"[0.9404325692458738, 0.9352270412611315, 0.9756576871720707, 0.9617609077636771, 0.9260304998019885]","[0.7943678966698756, 0.8145210029803418, 0.8130350260813145, 0.8345562319302964, 0.7966985043624255]","[0.9995405328362759, 0.999216299074017, 0.9998672760381332, 0.9997151571743033, 0.9993872600713865]","[2.7343409987520255, 2.7489643433154907, 2.7885599892915183, 2.796032296868277, 2.7221162642358]",0.9478217410489483,0.8106357324048508,0.9995453050388232,2.758002778492622,0.02935780113067478
47,206,50,0.11398739095113662,0.9864652610954021,0.7195584409388252,0.9148509835292314,0.0008189813792378007,0.00020660981124427227,1,"[0.9319842514318917, 0.9245916944279344, 0.9719391753094168, 0.9610454693686692, 0.9257562130113456]","[0.8271863858158642, 0.8241024156150831, 0.8447987876919796, 0.8471577651133056, 0.8086183307748831]","[0.9995655512499794, 0.9992082362473669, 0.9998677457989718, 0.9997092024613121, 0.9993695973842206]","[2.7587361884977355, 2.7479023462903847, 2.8166057088003678, 2.807912436943287, 2.7337441411704493]",0.9430633607098515,0.8303727370022231,0.9995440666283703,2.772980164340445,0.03315027939182419
48,210,50,0.10782792585586617,0.9998075085070417,0.7147469557483354,1.4993530330638887,0.00022647128583107821,0.00023979131607439587,1,"[0.937583340168471, 0.9332780335689327, 0.9733029419598418, 0.9618773105388781, 0.92636700159987]","[0.819099462531798, 0.8157404639999294, 0.8401539248842268, 0.8398165041084209, 0.8070553983534063]","[0.999591599876142, 0.9991196785050603, 0.9998681364159161, 0.9997449241407452, 0.9993776339718126]","[2.7562744025764108, 2.7481381760739225, 2.8133250032599846, 2.801438738788044, 2.7328000339250886]",0.9464817255671987,0.8243731507755563,0.9995403945819353,2.77039527092469,0.031352313645167655
49,206,49,0.04237460834549935,0.9985716097381387,0.7197867467904688,2.8495820778759704,0.0002491842863631616,0.00019890856551405632,3,"[0.9376737374945846, 0.934663024654697, 0.9801425776047715, 0.9660561066434415, 0.9247546702541729]","[0.781029808753922, 0.7986818014788155, 0.821723950780216, 0.8192671231120626, 0.7851431245468541]","[0.9994591893996236, 0.9995395818049749, 0.9998618992324818, 0.9996646755707884, 0.9993834812373433]","[2.7181627356481304, 2.7328844079384873, 2.801728427617469, 2.7849879053262927, 2.70928127603837]",0.9486580233303336,0.8011691617343741,0.9995817654490425,2.74940895051375,0.0370480942006785
50,251,50,0.11513565486612956,0.981498793013507,0.7588713902521725,1.9510831026226783,0.0001904751441261723,0.0009366106585001388,1,"[0.9351774507692996, 0.9291007243305802, 0.9723480173461163, 0.9608573666061625, 0.9256240056285217]","[0.81719063378303, 0.8135175129627343, 0.8324382737719569, 0.834674259963544, 0.7970933971316636]","[0.99945387009341, 0.9990583010632719, 0.9998458277608896, 0.9996697175470092, 0.9990802610492662]","[2.75182195464574, 2.7416765383565864, 2.804632118878963, 2.7952013441167156, 2.7217976638094514]",0.9446215129361359,0.8189828155225858,0.9994215955027694,2.7630259239614916,0.03177240232332253
51,259,50,0.10490369297959973,0.9819824121809306,0.7580589812731375,2.195466009508901,0.00023161730214761182,0.000818224918643424,1,"[0.9384140439296599, 0.9339120418537504, 0.9727414819620109, 0.9608313977055866, 0.925615466591299]","[0.814985355416515, 0.8128708453821304, 0.8078233209841359, 0.8269736649654995, 0.7977399016389883]","[0.9994569948717053, 0.99906199675017, 0.9998477381944848, 0.9996635073041985, 0.9991255992965747]","[2.75285639421788, 2.745844883986051, 2.780412541140632, 2.787468569975285, 2.722480967526862]",0.9463028864084613,0.8120786176774537,0.9994311672834266,2.7578126713693423,0.02369113062000922
52,219,46,0.12958507226417487,0.9808004929317506,0.7166638071007136,1.5247846518655623,0.00109226262371718,0.0002614296328464421,1,"[0.9363259163348846, 0.9242785431062327, 0.9727722613304591, 0.9609544091806513, 0.9261346143141671]","[0.8180953161635159, 0.8183080000253655, 0.8384494371559709, 0.8423098358766623, 0.8045551703418812]","[0.9994793704708933, 0.9989984582613939, 0.9998613598330944, 0.9997091627153406, 0.9992171013797104]","[2.753900602969294, 2.741585001392992, 2.8110830583195243, 2.802973407772654, 2.7299068860357587]",0.944093148853279,0.8243435519126792,0.9994530905320864,2.7678897912980447,0.0329449811508106
53,218,45,0.07772357443542684,0.9831453552369634,0.78559605895084,0.9213797765661148,0.0001502773477343128,0.0002635359168710011,2,"[0.9298754397452683, 0.9242201684085317, 0.9718722405034125, 0.9609291240369496, 0.9264456427792896]","[0.7999192296098275, 0.820625892374934, 0.8394506952667348, 0.8455946631165429, 0.8067445789047855]","[0.9995653256033065, 0.9989399492186896, 0.9998634852822973, 0.9997031502014996, 0.999295155821943]","[2.7293599949584024, 2.743786010002155, 2.8111864210524447, 2.806226937354992, 2.732485377506018]",0.9426685230946903,0.8224670118545649,0.9994734132255472,2.7646089481748026,0.03635801219147191
54,219,45,0.028960257901621936,0.9474220643567999,0.7222159927996592,0.876324067684146,0.0009547867664649912,0.00010104291505610166,3,"[0.9471136503420702, 0.9251802671170648, 0.9760666863449501, 0.9616879865943154, 0.924913305352982]","[0.7958029711929826, 0.8067678578622308, 0.8111883196741259, 0.8306782031789033, 0.7944685746234654]","[0.9994491469287331, 0.9996203941457447, 0.9998383501177988, 0.999653663941831, 0.9994553936902548]","[2.742365768463786, 2.73156851912504, 2.7870933561368747, 2.7920198537150496, 2.7188372736667024]",0.9469923791502766,0.8077811853063416,0.9996033897648724,2.754376954221491,0.029715023221806875
55,216,38,0.05021652421275209,0.9728821330380212,0.7876611530761796,1.2408225110361037,0.0004158214746289995,0.0003358189781946294,2,"[0.9313693285132422, 0.9241171179028904, 0.9717894104589546, 0.9583195521736151, 0.9269778034791861]","[0.7949775396473361, 0.8145528923555669, 0.8153631100800586, 0.8343377779447642, 0.8010106989776332]","[0.9995282967333218, 0.9993979624028176, 0.9998546146906413, 0.9996935037110863, 0.999347445475118]","[2.7258751648939, 2.738067972661275, 2.787007135229654, 2.792350833829466, 2.7273359479319375]",0.9425146425055777,0.8120484038010718,0.999564364602597,2.754127410909246,0.029380210282911642
56,180,46,0.07245394238209711,0.9885607107696098,0.7073676708401989,1.539242848614777,0.0001197094306684418,0.00024983582059244996,2,"[0.9404832104506892, 0.9342886954198693, 0.9778081357656896, 0.9618239174277359, 0.9260459489212173]","[0.8130271271702864, 0.8148754397588523, 0.8167801134555158, 0.8351147940322412, 0.7988089597822795]","[0.9995619556615151, 0.9994119625304944, 0.9998729815912465, 0.9997311609416208, 0.9993767536643317]","[2.7530722932824907, 2.7485760977092157, 2.794461230812452, 2.7966698724015977, 2.7242316623678287]",0.9480899815970402,0.815721286839835,0.9995909628778417,2.763402231314717,0.02804372558112261
57,228,44,0.08745983427237959,0.9526129062578876,0.8363762471810664,0.8403168597606319,0.001299414564794684,0.00015382457029670146,4,"[0.9297752390697823, 0.9214163829591885, 0.9718104982836462, 0.955946848122066, 0.9231191345987355]","[0.7944383777912603, 0.8167044196586984, 0.8228646225104045, 0.8384546623247481, 0.7988936992621873]","[0.999265164370556, 0.9993477091357187, 0.9998181462161949, 0.9996417353566567, 0.9992677233650739]","[2.7234787812315986, 2.7374685117536055, 2.7944932670102456, 2.7940432458034707, 2.7212805572259966]",0.9404136206066838,0.8142711563094597,0.99946809568884,2.7541528726049833,0.03322181870898711
58,186,3,0.0016199815218476384,0.9251069246731531,0.9091166385932834,1.631777375682541,0.0006383376015214866,0.0002502007223235775,1,"[0.8660712649061146, 0.8805346853559167, 0.9250384233333382, 0.9169331469082824, 0.8672623538122336]","[0.4828774530713982, 0.4724120432673017, 0.47393136426990495, 0.47572036778663573, 0.4648420950517604]","[0.9784509448168577, 0.9838567256814376, 0.9862905603072281, 0.9847748069854357, 0.9822554007392529]","[2.3273996627943703, 2.336803454304656, 2.3852603479104713, 2.377428321680354, 2.314359849603247]",0.8911679748631771,0.4739566646894001,0.9831256877060424,2.3482503272586195,0.028055097832156855
59,204,48,0.059638132539486174,0.9560190210348974,0.7611571317005262,1.1639724125380169,0.00015716939081343475,0.001603625050901853,2,"[0.9376881627206545, 0.9243385741429445, 0.9722336944727714, 0.9617997874367049, 0.927044766837287]","[0.7980677216394638, 0.8152992143920565, 0.8143782862968348, 0.8396851602499512, 0.8053548401035105]","[0.9995302042575007, 0.999318529372969, 0.9998639756832918, 0.9996861236122263, 0.9993693496501804]","[2.735286088617619, 2.73895631790797, 2.786475956452898, 2.8011710712988824, 2.731768956590978]",0.9446209971220725,0.8145570445363634,0.9995536365152337,2.7587316781736693,0.029115617680160456
60,208,43,0.1685896682083974,0.9803875886415869,0.7267574341777339,0.5315423908499112,0.00032735852611301907,0.00039184134002359053,3,"[0.9312949121615209, 0.9225104460312695, 0.9718948523553728, 0.9610477588801917, 0.9254547253354665]","[0.8264568711583474, 0.8247791254709224, 0.8458845687673517, 0.8523268767200398, 0.8071721572565724]","[0.9994500154923274, 0.9994204213520156, 0.9998448729414391, 0.9996755900158719, 0.9994055472193333]","[2.7572017988121957, 2.7467099928542074, 2.8176242940641636, 2.8130502256161036, 2.732032429811372]",0.9424405389527643,0.8313239198746467,0.9995592894041975,2.7733237482316087,0.03525312346926078
61,208,45,0.16785111098459635,0.9760208111570751,0.7250346417962718,0.8319498054750343,0.00032727827875600923,0.00014999167865103254,3,"[0.932214645883007, 0.9244838198964961, 0.9721055973043129, 0.9613508624166103, 0.9254132504321331]","[0.8249056160104176, 0.8140914349193779, 0.8408710841678892, 0.8488101066177046, 0.80639966574378]","[0.9994097059129012, 0.9993363186083926, 0.9998596886753619, 0.9996668263918597, 0.9993343467988167]","[2.7565299678063258, 2.7379115734242667, 2.812836370147564, 2.8098277954261746, 2.73114726297473]",0.943113635186512,0.827015581491834,0.9995213772774665,2.7696505939558125,0.03504637366338888
62,237,49,0.16984610124357655,0.9983896619295531,0.7454437351066199,0.5304733837182276,0.00027561011349746595,0.0003719500649966033,3,"[0.9335120730989914, 0.9214967506135762, 0.9720429925866505, 0.9610713374141612, 0.9252052371519571]","[0.8169517088065461, 0.8182698575388926, 0.8457406417852005, 0.8503032732941926, 0.8061356272641649]","[0.9996210977613732, 0.9993953728328816, 0.999856957220215, 0.9997121370811409, 0.9993868852705313]","[2.7500848796669106, 2.7391619809853505, 2.817640591592066, 2.8110867477894947, 2.7307277496866535]",0.9426656781730672,0.8274802217377992,0.9995944900332283,2.769740389944095,0.03700625596722099
63,236,49,0.1715140128944114,0.9988530294168737,0.7280455638905818,0.4857999344386104,0.0003034678446291931,0.00035472487290452584,4,"[0.9366550206070992, 0.9224781473915081, 0.972135641162482, 0.9609502287620785, 0.9253559312108288]","[0.8167952986160626, 0.8247877095399221, 0.8438912055453162, 0.8401833177578097, 0.8054955372440071]","[0.9995998934414014, 0.999473181478956, 0.9998556204064666, 0.9997248788921557, 0.9994942392385644]","[2.7530502126645633, 2.7467390384103862, 2.815882467114265, 2.8008584254120437, 2.7303457076934006]",0.9435149938267994,0.8262306137406235,0.9996295626915088,2.7693751702589315,0.033034290273904435
64,240,50,0.23759016054146478,0.9990468848488623,0.7472612619925562,0.5236134162964162,0.0002696016316009124,0.00040925783662495535,3,"[0.9311781242460242, 0.9205657619498342, 0.9710161422272988, 0.954372214503974, 0.924664887773552]","[0.8180880817984004, 0.8225267987232637, 0.843636968170249, 0.8416519486432265, 0.8086686769500905]","[0.9996029086875741, 0.9994148641405668, 0.9998620554993584, 0.9997329623888846, 0.9994472842313468]","[2.7488691147319986, 2.742507424813665, 2.814515165896906, 2.795757125536085, 2.7327808489549894]",0.9403594261401367,0.826914494857046,0.9996120149895461,2.766885935986729,0.03219988740481559
65,264,43,0.17203014320674373,0.9353788593256352,0.7229912719063547,0.2133508977169774,0.0005593903413572649,0.00011925997622737642,4,"[0.9279280580491863, 0.9217170569655166, 0.971604279853398, 0.9539473403689468, 0.924964156060148]","[0.8067877461897304, 0.8288035014883691, 0.8490058201817772, 0.846706807690851, 0.8134364883589007]","[0.999191810189313, 0.9995666096647855, 0.9998508424414788, 0.9996574046963939, 0.9994706964730503]","[2.73390761442823, 2.750087168118671, 2.820460942476654, 2.8003115527561917, 2.737871340892099]",0.9400321782594391,0.8289480727819256,0.9995474726930043,2.768527723734369,0.03517297503760221
66,284,49,0.16854646094163972,0.9970205169545902,0.7297791449945537,0.5623453289047448,0.0002907195728811817,0.0011163510108161748,4,"[0.9377284106756625, 0.9215228116343996, 0.9721743429791851, 0.9609779617158682, 0.9257466924699952]","[0.8175386562876542, 0.8199338253950352, 0.8421876885562246, 0.840731958342828, 0.7999771240433734]","[0.9995399936092726, 0.9994807696187986, 0.9998520348155396, 0.9997257917394028, 0.9993809103893976]","[2.754807060572589, 2.7409374066482335, 2.8142140663509494, 2.801435711798099, 2.7251047269027664]",0.9436300438950221,0.8240738505250231,0.9995959000344822,2.7672997944545275,0.0346343106668823
67,206,42,0.14289790281978737,0.9753572776040577,0.9984664360281836,0.7226998942114551,0.002303874817089943,0.00036442732403583355,4,"[0.9229336829294283, 0.9153290702003735, 0.96750406221674, 0.9437357146219968, 0.9155689760229205]","[0.787261034184154, 0.8159153432174304, 0.821417136220051, 0.8316830066128317, 0.792649037385758]","[0.9992609759223745, 0.9988371902568899, 0.9998237283165559, 0.9995514062999422, 0.9990710081500132]","[2.709455693035957, 2.7300816036746935, 2.788744926753347, 2.774970127534771, 2.707289021558692]",0.9330143011982919,0.8097851115240451,0.9993088617891551,2.7421082745114918,0.03369893464510569
68,231,49,0.23515987298044919,0.9213112052805399,0.7051883400026325,0.7726174518309765,0.001442143382519168,0.000152914153020862,3,"[0.93564760175386, 0.9215436170968014, 0.9727729387026183, 0.960985944399436, 0.9249172399834978]","[0.8130336452823047, 0.8190735604904973, 0.8243999987852293, 0.8495889515100566, 0.7995094254954122]","[0.998503357774676, 0.9994204810545476, 0.9998258147722368, 0.999637714457612, 0.9992421991462578]","[2.747184604810841, 2.7400376586418465, 2.7969987522600843, 2.810212610367105, 2.723668864625168]",0.9431734683872428,0.8211211163127,0.999325913441066,2.763620498141009,0.03378566174789146
69,242,47,0.10234176588512381,0.9439130668786094,0.7535076406850535,0.5047569143809524,0.0003191091285868173,0.27485878303654104,3,"[0.933158505326914, 0.9224768933625311, 0.9719527386722829, 0.9598581446544181, 0.9245441572175119]","[0.7993382608240163, 0.8250005182124253, 0.8430280106486707, 0.8476898697347095, 0.8085173738937874]","[0.9994020818366645, 0.9994192239013436, 0.9998389723334045, 0.9996638499735192, 0.9993273629076905]","[2.731898847987595, 2.7468966354763, 2.814819721654358, 2.807211864362647, 2.7323888940189898]",0.9423980878467317,0.8247148066627219,0.9995302981905244,2.766643192699978,0.03670762332914756
70,268,48,0.36161746116281623,0.9570103666459813,0.7736605719906958,0.21367747387227182,0.00011160991393643304,0.0007369914729193672,3,"[0.9205880465650321, 0.9218328030773513, 0.9700173001902812, 0.9520467215475326, 0.9237905358033841]","[0.8265940011874183, 0.8305713176300589, 0.8509805299912969, 0.8449235591286254, 0.8151445582908134]","[0.9985951847977331, 0.9995311562301967, 0.9998004209564891, 0.9996105397857771, 0.9995254703738974]","[2.7457772325501835, 2.7519352769376066, 2.820798251138067, 2.796580820461935, 2.738460564468095]",0.9376550814367162,0.8336427932456425,0.9994125544288188,2.7707104291111775,0.03222511897084564
71,274,48,0.363111567020489,0.9569270007960671,0.773043314502705,0.21782605735875665,0.0001002770315560928,0.0007032030065059872,3,"[0.9206206055378433, 0.9218528537238041, 0.9699711179708389, 0.947306171171716, 0.9230423583076859]","[0.8264041439748345, 0.8331713344037931, 0.8519696238486206, 0.8432810924372675, 0.8132554341715691]","[0.9985205807915877, 0.9995282493243609, 0.9997949405030616, 0.9995940747594999, 0.9994762169891502]","[2.7455453303042656, 2.754552437451958, 2.821735682322521, 2.7901813383684835, 2.7357740094684053]",0.9365586213423777,0.8336163257672169,0.9993828124735321,2.769557759583127,0.03190913927783199
72,272,48,0.35450046621881776,0.9571735215704134,0.8022479608358205,0.21492136672049186,0.00018458456233877045,0.0007590965629965434,3,"[0.9206855958895414, 0.9187525214405992, 0.9682523825147414, 0.9446825422102044, 0.9203489536926164]","[0.8268046573513916, 0.8272841173982657, 0.8473065991495642, 0.844540716953799, 0.8145899710463473]","[0.9987798623072304, 0.999519092895473, 0.9998169573422301, 0.9996088419258184, 0.9994756322195312]","[2.7462701155481635, 2.745555731734338, 2.8153759390065356, 2.788832101089822, 2.734414556958495]",0.9345443991495406,0.8321052123798734,0.9994400773380565,2.7660896888674706,0.03086786234910856
73,298,44,0.4271986730445096,0.9721239735870028,0.7770850007761894,0.20851141552931404,0.00010018378606909381,1.7457371137741944,3,"[0.9205899692645917, 0.9185953987750408, 0.9705915109990854, 0.9455440323794023, 0.9231780840938077]","[0.8072898131910824, 0.8228334225484872, 0.8484972584244838, 0.8370645651903071, 0.811080796802845]","[0.9988159209647514, 0.9995151101017905, 0.9998111820546094, 0.9996175399612016, 0.999464812904845]","[2.7266957034204253, 2.740943931425319, 2.8188999514781785, 2.782226137530911, 2.7337236938014975]",0.9356997991023857,0.825353171231441,0.9994449131974397,2.760497883531266,0.03499920062299113
74,285,46,0.25983074199433853,0.9888096330658874,0.7691466063519502,0.7070254568688373,0.00013032593018625588,0.0001421634401530494,3,"[0.9279121120788715, 0.9216480599637421, 0.9711762125774378, 0.9614438166006645, 0.9234405047714921]","[0.8217396992649043, 0.8240589302392266, 0.8248828338607623, 0.8317260509288518, 0.8021688585503672]","[0.9992736738881716, 0.9993497200271395, 0.999843707015383, 0.9996455015596869, 0.9992757792858045]","[2.7489254852319474, 2.7450567102301084, 2.795902753453583, 2.7928153690892032, 2.724885142607664]",0.9411241411984417,0.8209152745688225,0.9994776763552371,2.7615170921225007,0.028047632012872272
75,254,38,0.22115959050405473,0.9401407808664837,0.7439622943021317,0.11775882664033271,0.00018923474950509778,0.002086355539509569,4,"[0.9234034034566069, 0.91273248421066, 0.9716626792200798, 0.9544039805206647, 0.9259079697879309]","[0.8285658978218552, 0.8276432867032864, 0.8514607689288609, 0.8494059535412495, 0.8191749028829564]","[0.999223460004528, 0.9995513591784321, 0.9998032237123913, 0.9996450562810101, 0.999466207367125]","[2.75119276128299, 2.7399271300923784, 2.8229266718613317, 2.8034549903429244, 2.744549080038012]",0.9376221034391886,0.8352501619756417,0.9995378613086974,2.7724101267235275,0.03405074001720316
76,251,39,0.32783936989917895,0.9399746829086915,0.747332183164059,0.27644349568765825,0.0004855155639087933,0.0020311095049531185,4,"[0.928044270292792, 0.9216957310582455, 0.9606413194889701, 0.9457664499295187, 0.92409270137676]","[0.8130538617158397, 0.8284807308840046, 0.8382046980886396, 0.8369029437337656, 0.8091368544649242]","[0.9987691166529552, 0.9995153544543456, 0.9998158015346413, 0.9996412545572259, 0.9993088940503744]","[2.7398672486615867, 2.749691816396596, 2.798661819112251, 2.7823106482205104, 2.7325384498920586]",0.9360480944292574,0.8251558177774347,0.9994100842499085,2.7606139964566005,0.02551995055963485
77,271,43,0.44756029623933624,0.9579638898435616,0.6918430735514,0.12071001394960212,0.00019347084061138356,0.0034365556766434205,5,"[0.9234143703948979, 0.9120125000115749, 0.9711861675660193, 0.9517797219401909, 0.9222766092264305]","[0.824158877295792, 0.8221974874938917, 0.8461893502530395, 0.8440395141306176, 0.8112422480691359]","[0.9989753799404351, 0.9995529797905808, 0.9998216318488191, 0.9996431499812783, 0.9995437374741607]","[2.7465486276311246, 2.7337629672960473, 2.8171971496678783, 2.795462386052087, 2.733062594769727]",0.9361338738278226,0.8295654954484954,0.9995073758070548,2.765206745083373,0.03460777047738018
78,260,42,0.20781340465057976,0.6937686692757352,0.7891869122742209,1.07407191451187,0.00010472188459403202,0.00118905441388495,4,"[0.9352205959043993, 0.9323399745540023, 0.9444191834712048, 0.955869120220739, 0.920232543058412]","[0.7963898146953191, 0.8184729803076799, 0.8176927989866047, 0.8382634320621019, 0.7969378611389928]","[0.9989772844532222, 0.9993194553233863, 0.9996603729838602, 0.999589416858526, 0.9991482676318587]","[2.730587695052941, 2.7501324101850684, 2.7617723554416695, 2.793721969141367, 2.7163186718292636]",0.9376162834417514,0.8135513774381398,0.9993389594501707,2.7505066203300617,0.026684087395333764
79,170,50,0.3805054298537993,0.972427543668285,0.7391126739284516,0.04047504585816497,0.00021358931413506123,0.018710542201343036,2,"[0.9214897681801288, 0.9220984467908988, 0.9708333201752072, 0.9453444208457329, 0.916214321798636]","[0.83022667335464, 0.8347333783373039, 0.8441962940782815, 0.8523653587126698, 0.8160851428044897]","[0.9995435335898667, 0.9996045228812602, 0.9998251610807042, 0.999650863359947, 0.9995480014250431]","[2.7512599751246354, 2.756436348009463, 2.814854775334193, 2.79736064291835, 2.731847466028169]",0.9351960555581208,0.8355213694574768,0.9996344164673643,2.770351841482962,0.030824385558067817
80,187,50,0.27610548665006746,0.9880377220495755,0.7383782050962059,0.4737791173818645,0.0003735378124937646,0.02643944190515833,2,"[0.93043626882572, 0.9216335562711998, 0.970911119805973, 0.9631654073522298, 0.9212536433969788]","[0.8234504846056089, 0.8238510144646017, 0.8349435273634879, 0.84290855428707, 0.8071885149997808]","[0.9994410014714962, 0.9994515009491118, 0.9998506261297648, 0.9996880765326672, 0.9994080636252675]","[2.753327754902825, 2.744936071684913, 2.8057052732992256, 2.805762038171967, 2.727850222022027]",0.9414799991304204,0.8264684191441098,0.9995678537416615,2.7675162720161914,0.03226674273878398
81,213,48,0.3636088475505264,0.9748141684307244,0.7111883260444503,0.12086852248543926,0.000201410960706451,0.015047793654509858,3,"[0.9240731678003214, 0.9221301991813246, 0.9709914395119206, 0.9473041849064991, 0.9202903801509288]","[0.8159529794672821, 0.8315442082663383, 0.8522749897854693, 0.840884623125361, 0.8146569491814756]","[0.9994527807769729, 0.9995705423439851, 0.9998328552384822, 0.9996524262380614, 0.9995387670969774]","[2.7394789280445764, 2.753244949791648, 2.8230992845358722, 2.7878412342699215, 2.734486096429382]",0.936957874310199,0.8310627499651853,0.9996094743388959,2.7676300986142803,0.03341636240891956
82,225,46,0.20080598561505159,0.9470496338983336,0.7706201577668179,0.2970795202133577,0.00014775755268761956,0.006999476250174371,3,"[0.9213969548823531, 0.9218080777686691, 0.970878988625289, 0.9611165830732148, 0.9240150038845308]","[0.8016602489996976, 0.8305368142618679, 0.8362010032122243, 0.8555881114742752, 0.8162364417542298]","[0.9991772850304814, 0.9994846437123277, 0.9998205426549773, 0.9996237267851313, 0.9994227098461708]","[2.722234488912532, 2.7518295357428646, 2.806900534492491, 2.816328421332621, 2.7396741554849315]",0.9398431216468113,0.8280445239404589,0.9995057816058178,2.7673934271930873,0.037430916703534475
83,175,34,0.4927598214196213,0.9608895264038754,0.7443713896664517,0.07542175639293197,0.00024629767399021626,0.0005387417263250776,2,"[0.9184741096309765, 0.9219477026485228, 0.9523566924856702, 0.9502870294973882, 0.9158764843439422]","[0.8262504994239442, 0.8351514182951902, 0.8470389016482897, 0.8378776201288978, 0.8132840106906142]","[0.999464518962361, 0.9994884059951243, 0.9997653349005061, 0.9996355663767622, 0.999440756237975]","[2.7441891280172817, 2.756587526938837, 2.799160929034466, 2.787800216003048, 2.728601251272531]",0.9317884037212998,0.8319204900373872,0.9995589164945458,2.763267810253233,0.026459582461938986
84,246,49,0.3013164212833662,0.9238768505787622,0.8020243220525513,3.332878556168942,0.0005821969868812327,0.0007535595833437552,1,"[0.9336501323580442, 0.9093829872263115, 0.9661978593956324, 0.9505393758085801, 0.9233297611331206]","[0.7913223014015165, 0.7910399401262237, 0.8227907813018568, 0.8136219141926396, 0.7834242326224039]","[0.9990780543638881, 0.9988451216639246, 0.999747854912494, 0.9994755551101889, 0.997784796367297]","[2.724050488123449, 2.69926804901646, 2.788736495609983, 2.7636368451114084, 2.7045387901228217]",0.9366200231843378,0.8004398339289281,0.9989862764835585,2.7360461335968242,0.03471817195495997
85,168,48,0.2496156583344681,0.970522113228296,0.7645738064553604,0.012186965366612013,0.00035021248590199505,0.07841159042695633,2,"[0.9223472874803903, 0.9218905252951528, 0.9708605817828507, 0.9496029732566921, 0.9169132439935155]","[0.8318263196180601, 0.8332978223652718, 0.8540749413404478, 0.8563895549749225, 0.8158309929246195]","[0.9995224535287748, 0.9995618530935484, 0.9998429086427933, 0.9996413523311318, 0.9995270727616739]","[2.753696060627225, 2.754750200753973, 2.8247784317660916, 2.8056338805627465, 2.732271309679809]",0.9363229223617203,0.8382839262446643,0.9996191280715845,2.774225976677969,0.03493704202044264
86,166,50,0.2553725101855786,0.9714395189962638,0.6981689830604711,4.120925297155527,0.0007902563865331995,0.05735914441648869,2,"[0.9372204396965438, 0.9420262620732737, 0.9801776062936817, 0.953160598349806, 0.9196659339737094]","[0.7838151963196064, 0.7896645434406163, 0.8175496955453633, 0.8086025692358735, 0.7760390326616141]","[0.9992371353735805, 0.9994100233168117, 0.9998131350156783, 0.9996386003428144, 0.9988718887634324]","[2.7202727713897303, 2.7311008288307015, 2.797540436854723, 2.761401767928494, 2.694576855398756]",0.9464501680774029,0.7951342074406147,0.9993941565624634,2.7409785320804807,0.03548456222174001
87,168,44,0.12945513926346797,0.989114827377607,0.7362218281884174,0.6233467173594294,0.0004687295073353539,0.1935193078400741,2,"[0.9323915670819923, 0.9245699724053549, 0.9715258397991552, 0.961045694669658, 0.9253249009976594]","[0.8268621591983073, 0.8208933655507056, 0.8454864866263426, 0.8474592425546195, 0.8089427850956189]","[0.9995515791115426, 0.999171125615018, 0.9998672178518985, 0.9997174123701273, 0.9993277954333745]","[2.758805305391842, 2.7446344635710784, 2.816879544277396, 2.8082223495944048, 2.7335954815266525]",0.942971594990764,0.8299288078051188,0.9995270260763922,2.7724274288722746,0.0338325234545005
88,172,41,0.11911567758967205,0.985090347849672,0.7526804413918189,0.03534732026650314,0.0009909871998723709,0.15439007126985166,1,"[0.9198488092263886, 0.9224110638351734, 0.9678859251166081, 0.9562108212934392, 0.9189553918031464]","[0.8218088079214855, 0.8390609013594066, 0.8439472787536171, 0.8649108131843392, 0.818644517161238]","[0.9995730860368852, 0.9995166955233177, 0.9998361129693155, 0.9996974920644162, 0.9995166586953768]","[2.741230703184759, 2.7609886607178975, 2.8116693168395406, 2.8208191265421947, 2.7371165676597613]",0.9370624022549512,0.8376744636760172,0.9996280090578622,2.774364874988831,0.03525294801125338
89,169,41,0.12267331770811227,0.9905850265119428,0.7624418728479987,0.12400897838688416,0.0009901206662981908,0.19977533078820445,1,"[0.9190554817415283, 0.9227239439675375, 0.9684555115452226, 0.9612654889198516, 0.9208723893485427]","[0.8301924157851878, 0.837798765840149, 0.8562576160023333, 0.8606067368028641, 0.819074968050785]","[0.9996118107715735, 0.9993357156593551, 0.9998561080187719, 0.9996986318600064, 0.9994767660057475]","[2.7488597082982897, 2.7598584254670415, 2.8245692355663277, 2.821570857582722, 2.739424123405075]",0.9384745631045366,0.8407861004962639,0.9995958064630909,2.7788564700638916,0.03668737441937425
90,149,38,0.12816225747086743,0.9866099089533132,0.7630843876443416,0.011831835302730952,0.00240917699627734,0.2638780580054706,1,"[0.9184356738665116, 0.9224312476623671, 0.967891841838744, 0.9591239658667915, 0.9198754873556593]","[0.8209438040307969, 0.8398808465555818, 0.8482414188089645, 0.8649261914116856, 0.8170313349737844]","[0.9995633271525095, 0.9994720763255086, 0.9998292788181109, 0.9996814708990434, 0.9994902414289784]","[2.7389428050498177, 2.7617841705434576, 2.8159625394658194, 2.82373162817752, 2.736397063758422]",0.9375516433180147,0.8382047191561627,0.9996072789248303,2.7753636413990073,0.037461997254168794
91,146,36,0.13493707817303371,0.9880500814604711,0.7806020476211017,0.005952233363340911,0.0024738116055863894,0.23364568110790268,1,"[0.9184946749958955, 0.9218042407512638, 0.9678084476433321, 0.9565637940823306, 0.9183039238272144]","[0.8294135651543223, 0.8406702963033432, 0.8493545033031517, 0.8626330418893788, 0.8134881068130704]","[0.9995583245815608, 0.9994778078167609, 0.9998120003532143, 0.9996626358806789, 0.9994820326797657]","[2.7474665647317784, 2.761952344871368, 2.8169749512996978, 2.8188594718523885, 2.7312740633200505]",0.9365950162600072,0.8391119026926532,0.999598560262396,2.7753054792150564,0.03612581381946245
92,151,37,0.12936532729311995,0.9893165277379721,0.7627474827149588,0.025986725515834877,0.0024791897775952735,0.2367413225043108,1,"[0.9188531908563445, 0.9227637184476378, 0.967942009307846, 0.9612200251590628, 0.9199725076025692]","[0.8288089770854389, 0.8408638762473035, 0.8548337263336688, 0.8655514910651688, 0.8189882668147473]","[0.9995955126119598, 0.999487581897816, 0.9998302452293539, 0.9997051673177928, 0.9995162359064615]","[2.7472576805537434, 2.7631151765927573, 2.822605980870869, 2.8264766835420243, 2.738477010323778]",0.938150290274692,0.8418092675092655,0.9996269485926768,2.779586506376634,0.03756544223090584
93,152,37,0.12530404664430284,0.9860291168345892,0.7636206210793862,0.0029426053893521443,0.006777061714638811,0.21689859112415918,1,"[0.9184389787651007, 0.9223702396141544, 0.967899863439246, 0.9540562329130019, 0.9194800919372179]","[0.8287551717048083, 0.8389185837302212, 0.8536423970710919, 0.863444560295129, 0.8172245739664938]","[0.9995588456772115, 0.9994917644506646, 0.9998289216704949, 0.9996587432578268, 0.9994590915986268]","[2.74675299614712, 2.76078058779504, 2.8213711821808327, 2.8171595364659576, 2.7361637575023385]",0.9364490813337442,0.8403970573535489,0.9995994733309651,2.776445612018258,0.03584857799911194
94,148,36,0.13322917639045173,0.9886406326477787,0.7821714358688439,0.3924412435794473,0.002734211253437168,0.27933252131731956,1,"[0.9214816726466272, 0.922478915733829, 0.9712556565670818, 0.9610795423097316, 0.924627897107861]","[0.8281467484724595, 0.8292644704613572, 0.8502797740625735, 0.854533938592257, 0.8158570203632984]","[0.9995697444774762, 0.9991619898116064, 0.9998522400115257, 0.9996988715370709, 0.9994000681485224]","[2.749198165596563, 2.7509053760067927, 2.8213876706411813, 2.8153123524390598, 2.739884985619682]",0.9401847368730263,0.835616390390389,0.9995365827972403,2.7753377100606555,0.03537140456681561
95,143,36,0.0956122306789066,0.9876000748077924,0.7818207155249726,0.012228268556963828,0.0020277619455673765,0.3812909928816519,1,"[0.9188208297888515, 0.9224023199630957, 0.9683158546193836, 0.9565996396625106, 0.919373690839804]","[0.8213629216412314, 0.8369448484727353, 0.8412449865966315, 0.8618657329112095, 0.8179758055098318]","[0.9996001587404426, 0.9994976507865868, 0.9998296610519474, 0.9996832625494168, 0.9994761412037554]","[2.7397839101705257, 2.7588448192224178, 2.8093905022679624, 2.818148635123137, 2.736825637553391]",0.9371024669747291,0.8358788590263279,0.9996173748664298,2.7725987008674866,0.034566240665285936
96,149,31,0.12817463161498002,0.9838097406298295,0.8184493779996449,0.3717067508537638,0.007604754240110271,0.09054612491548779,1,"[0.9231207902718256, 0.9224702127033336, 0.9713379473293797, 0.9584928659527903, 0.9253596742280024]","[0.82968886373875, 0.8287261691432759, 0.8550840941956498, 0.8548500606177122, 0.8167840257706047]","[0.9995563047393853, 0.9989066261467056, 0.999846020036892, 0.9996866720199182, 0.9993717147453978]","[2.752365958749961, 2.750103007993315, 2.8262680615619216, 2.813029598590421, 2.741515414744005]",0.9401562980970664,0.8370266426931984,0.9994734675376599,2.776656408327925,0.03553680780986619
97,151,32,0.1365144480471568,0.9658590604551464,0.8241406584004225,0.40422667963612335,0.005201744529609571,0.09768246166950889,1,"[0.9261963157837735, 0.9194231249321126, 0.9713633258610775, 0.9586792060487334, 0.9253241584484777]","[0.82925902433945, 0.8277989670783822, 0.8441102407792498, 0.8552084726580134, 0.8137914743601891]","[0.9994679383171503, 0.9989644969676229, 0.9998384942855573, 0.9996567060010606, 0.9992266890068684]","[2.7549232784403737, 2.7461865889781176, 2.815312060925885, 2.813544384707807, 2.7383423218155354]",0.9401972262148348,0.8340336358430569,0.9994308649156519,2.7736617269735437,0.03370118617587061
98,150,31,0.1326637501024932,0.9653606786537714,0.8190090576606395,0.39220851978379495,0.006295698139544847,0.08767108571562354,1,"[0.9258488207816155, 0.9193946057288112, 0.9717575955631438, 0.9586415790024904, 0.9222163241735888]","[0.8297986541981743, 0.8282271456140928, 0.8460077694060436, 0.8551158581790693, 0.812561564764047]","[0.9994897970934622, 0.999072336708229, 0.9998427463303611, 0.9996532741194547, 0.9992140436353671]","[2.7551372720732523, 2.7466940880511332, 2.8176081112995486, 2.8134107113010143, 2.733991932573003]",0.9395717850499299,0.8343421984322854,0.9994544395773748,2.77336842305959,0.035085432534453224
99,129,33,0.08767867651160383,0.9920103705929642,0.8391209250399182,0.0012783795383712084,0.0026182796200187545,0.14648309762784406,1,"[0.9178668120139583, 0.9194932567848849, 0.9682390678777112, 0.9566258981048397, 0.9208348979048175]","[0.8190022836907644, 0.8312706170059877, 0.8532145340926072, 0.8594235010395682, 0.8140661630278697]","[0.999568994253637, 0.9994880998876843, 0.9998103626092277, 0.9996437841753782, 0.9993978381258661]","[2.7364380899583596, 2.750251973678557, 2.821263964579546, 2.815693183319786, 2.7342988990585533]",0.9366119865372424,0.8353954197713593,0.9995818158103587,2.77158922211896,0.03871482374816784
