trial_number,param_C,param_penalty,param_l1_ratio,cv_bal_accs,cv_macro_f1s,cv_macro_aucs,cv_total_scores,mean_bal_acc,mean_macro_f1,mean_macro_auc,mean_total_score,std_total_score
0,0.0317784000688407,l1,0.21740471265369044,"[0.8597355824192112, 0.8827231403247816, 0.8854791248179614, 0.9230529805118565, 0.9057637701796165]","[0.6874580685523238, 0.6199920489462301, 0.6518594452255948, 0.6434010765995754, 0.6495980982490847]","[0.986816908915542, 0.9967762511704439, 0.9974023553184712, 0.9976581710071464, 0.9973587922729046]","[2.534010559887077, 2.4994914404414557, 2.534740925362027, 2.564112228118578, 2.5527206607016057]",0.8913509196506855,0.6504617475145617,0.9952024957369016,2.5370151629021485,0.021923244045744538
1,0.0003581224678700232,elasticnet,0.5310533872026856,"[0.6199124557063963, 0.5693990423162179, 0.6313715020178998, 0.6519589829785951, 0.6578168744951947]","[0.16070922390032952, 0.20412840363042378, 0.16808332275929294, 0.2589113864550952, 0.2213105777596045]","[0.9621573844750536, 0.9228180350656622, 0.9244270754639226, 0.9240195097123893, 0.9549903058095911]","[1.7427790640817795, 1.6963454810123038, 1.7238819002411154, 1.8348898791460797, 1.8341177580643904]",0.6260917715028608,0.20262858290094918,0.9376824621053238,1.7664028165091339,0.05753248006892267
2,0.032746665712253896,elasticnet,0.12191007455834094,"[0.8149157457915167, 0.7892072070054058, 0.8748553122653135, 0.7834754266102852, 0.8383916065599459]","[0.523017132142427, 0.5081743591154761, 0.47350986465053796, 0.4918597166477187, 0.48339775929820733]","[0.9890975059152699, 0.9870384749922967, 0.9958665563317216, 0.965078949415057, 0.9867956825104963]","[2.3270303838492135, 2.2844200411131785, 2.344231733247573, 2.240414092673061, 2.3085850483686494]",0.8201690596464933,0.4959917663708734,0.9847754338329683,2.300936259850335,0.03619288187189623
3,1.053913726828944,l2,0.25848119126790303,"[0.9113208500425694, 0.9414270467398056, 0.9329622705132948, 0.9310678573554856, 0.9209204155702286]","[0.6587826239301401, 0.7377462068842138, 0.7845886805867154, 0.6641801709531072, 0.7199063811105976]","[0.994520853096037, 0.998967080931149, 0.9990170018010369, 0.9989384986542297, 0.9978451269823531]","[2.5646243270687465, 2.6781403345551684, 2.7165679529010474, 2.5941865269628224, 2.6386719236631793]",0.9275396880442768,0.7130408126929548,0.9978577122929613,2.638438213030193,0.05493135863432799
4,6.37481244865722,l1,0.8011113218368306,"[0.8814738934712417, 0.9452453848402331, 0.9318243570077867, 0.9665811787942075, 0.9587566330480262]","[0.7607675106405831, 0.7996103145428138, 0.8010907064779524, 0.8148899916731203, 0.7863895246833406]","[0.9982240941903129, 0.9995742231803629, 0.9996251197886413, 0.9996860250595777, 0.9996595349608023]","[2.6404654983021376, 2.74442992256341, 2.7325401832743803, 2.781157195526905, 2.744805692692169]",0.936776289432299,0.792549609603562,0.9993537994359395,2.7286796984718,0.04702904081561539
5,23.315244870014098,elasticnet,0.8025140027435306,"[0.9141269058224536, 0.9593817111409547, 0.9501658704121531, 0.9695363934894706, 0.955611463539924]","[0.7706477704978858, 0.7911952249222352, 0.8154614516705735, 0.7665543580457324, 0.773484633539031]","[0.9986942275342848, 0.9997280685408628, 0.9996822268837297, 0.9996124876986928, 0.9997078693655994]","[2.683468903854624, 2.7503050046040527, 2.765309548966456, 2.735703239233896, 2.7288039664445543]",0.9497644688809912,0.7834686877350915,0.9994849760046339,2.7327181326207164,0.027644950996452027
6,0.0003891177150213837,l2,0.6535016911603787,"[0.7689793157039497, 0.7408365872845332, 0.8508270514726958, 0.8511190637266489, 0.8785455499681837]","[0.4275633824513956, 0.40361628991310217, 0.43601244705034814, 0.49990262590913814, 0.4628287839270158]","[0.9795219638662627, 0.9542283519649025, 0.9669767903361333, 0.9938583407975722, 0.9946838257630732]","[2.176064662021608, 2.098681229162538, 2.253816288859177, 2.3448800304333592, 2.336058159658273]",0.8180615136312023,0.44598470585019995,0.9778538545455888,2.241900074026991,0.09429586595960497
7,0.007817966155968572,l2,0.700115451955974,"[0.7307066559980632, 0.739976671137767, 0.7161871712618947, 0.7526540870195941, 0.7327120562024304]","[0.5200235924371068, 0.4363874685769024, 0.4370835234513207, 0.42451162400293996, 0.4404803000481065]","[0.9845183724143648, 0.9674210706022791, 0.9262768085119549, 0.9392368577715874, 0.9710629179597362]","[2.235248620849535, 2.1437852103169486, 2.0795475032251702, 2.1164025687941215, 2.144255274210273]",0.7344473283239499,0.4516973017032752,0.9577032054519845,2.1438478354792094,0.051462702777717056
8,85.73665457635487,elasticnet,0.18258080526211362,"[0.8914033789362533, 0.9445667681714545, 0.9182870667454129, 0.9624403079943511, 0.9507218754474184]","[0.8013545108139241, 0.7778131243421256, 0.806309752587085, 0.7715270277707833, 0.7878951031998794]","[0.9984551140059524, 0.999678533204326, 0.9996836004862171, 0.9995192696343911, 0.9995908075727408]","[2.69121300375613, 2.722058425717906, 2.724280419818715, 2.7334866053995253, 2.7382077862200385]",0.933483879458978,0.7889799037427594,0.9993854649807256,2.721849248182463,0.01641684301588213
9,0.048681186765380434,l1,0.20402285769462214,"[0.8805957194498037, 0.8841198047245714, 0.9099237134048963, 0.9501677747918642, 0.9038693447450197]","[0.6843164373724366, 0.7338563952449055, 0.6632212005972802, 0.578952214849963, 0.6615078577401872]","[0.9939972277786521, 0.9973856165949371, 0.998049383091434, 0.9984552686469047, 0.996408796130439]","[2.5589093846008923, 2.6153618165644144, 2.5711942970936104, 2.527575258288732, 2.5617859986156457]",0.9057352714232311,0.6643708211609545,0.9968592584484733,2.566965351032659,0.028296309136484125
10,91.08032328861756,elasticnet,0.8737562255633854,"[0.8796356397684147, 0.954304695369793, 0.9450676364142444, 0.970953364947357, 0.9521394386521913]","[0.7796931330264857, 0.7553483636718326, 0.8053949273235459, 0.7845004710643575, 0.7822923310633297]","[0.9990307145560906, 0.9993684464665953, 0.9995166101176036, 0.9997265705608317, 0.9994367419471911]","[2.658359487350991, 2.709021505508221, 2.749979173855394, 2.755180406572546, 2.733868511662712]",0.9404201550304002,0.7814458452299103,0.9994158167296625,2.721281816989973,0.035328776809734265
11,2.952748977168216,l1,0.8871733475279586,"[0.902303789511434, 0.938277027009834, 0.946465462058775, 0.9663409809789316, 0.9345046352087394]","[0.7509315162831186, 0.7389664590297216, 0.8057763037764435, 0.7758873366877332, 0.7870190964377692]","[0.9984648603167497, 0.9991845443618899, 0.9997059572350919, 0.9994941313968775, 0.9994628072966389]","[2.6517001661113024, 2.6764280304014454, 2.7519477230703107, 2.741722449063542, 2.720986538943148]",0.9375783789535429,0.7717161424429573,0.9992624601214496,2.7085569815179498,0.03847639677984442
12,4.614677282138173,l1,0.7700401084862637,"[0.9205169497547704, 0.9416277493505715, 0.9435612030020937, 0.9607812880101828, 0.9427184207900347]","[0.7353379938803585, 0.8096233336914996, 0.7946840205828568, 0.8298541255611503, 0.6672870245000513]","[0.9975188715772334, 0.9997507633357979, 0.9994987587993535, 0.999334933330165, 0.998853533771564]","[2.6533738152123623, 2.751001846377869, 2.737743982384304, 2.789970346901498, 2.60885897906165]",0.9418411221815306,0.7673572996431833,0.9989913721628227,2.708189793987537,0.06673197590285865
13,19.71521919585287,l1,0.5034701924957159,"[0.9039162489019847, 0.9335082393449295, 0.9149232069234857, 0.9698440416260523, 0.9371399210904943]","[0.7692525863311992, 0.8057242027603917, 0.7733403674740077, 0.7845004927835523, 0.77224804689783]","[0.9990122090554729, 0.999401119847066, 0.9994535306781158, 0.9996870948040961, 0.9995396362793084]","[2.672181044288657, 2.738633561952387, 2.6877171050756092, 2.754031629213701, 2.7089276042676325]",0.9318663315773893,0.7810131392493961,0.9994187181328119,2.7122981889595974,0.03052935547547222
14,0.6877215425027009,elasticnet,0.36431165692876755,"[0.849230072257927, 0.913392061837117, 0.933011161653055, 0.9156886101787545, 0.911182507610651]","[0.6363751535642933, 0.6469399182383095, 0.733760960494666, 0.7177530718799768, 0.682513437706465]","[0.9956196918218275, 0.998026951255933, 0.9987747939358352, 0.9987430421869948, 0.9980546372096368]","[2.481224917644048, 2.5583589313313597, 2.665546916083556, 2.632184724245726, 2.591750582526753]",0.9045008827075008,0.6834685083767422,0.9978438232820455,2.5858132143662886,0.06361679326550701
15,9.214771112880472,elasticnet,0.6201526421199919,"[0.8955518936623454, 0.9266627115987434, 0.9450985467689733, 0.9731535099717771, 0.9429047483336638]","[0.7667504856822888, 0.7547892451374507, 0.7196360492285392, 0.7259429445617, 0.7998162887973599]","[0.9987931837229701, 0.9995583792895826, 0.9991990270471883, 0.9994623766824117, 0.9995209837619146]","[2.6610955630676045, 2.6810103360257767, 2.663933623044701, 2.698558831215889, 2.742242020892938]",0.9366742820671006,0.7533870026814677,0.9993067901008136,2.689368074849382,0.02965205636074626
16,0.48332347402217707,l1,0.7822810070558327,"[0.8846058094862442, 0.9451908713108506, 0.9207554658898337, 0.9463660730987996, 0.9481080804750587]","[0.7556651801683567, 0.7720868365630912, 0.7098136278630826, 0.8116274020991082, 0.7322780528449845]","[0.9974452305309753, 0.9995035275759061, 0.9994544467280275, 0.9994789738021252, 0.9990663114104072]","[2.6377162201855766, 2.716781235449848, 2.630023540480944, 2.757472449000033, 2.67945244473045]",0.9290052600521573,0.7562942199077246,0.9989896980094883,2.68428917796937,0.04805979349777301
17,24.888346865489304,elasticnet,0.7919935458962301,"[0.9026999256400164, 0.937677558749186, 0.9277790243887977, 0.9463900233495885, 0.9398331004340857]","[0.7636230161627766, 0.7108074490457696, 0.7830874201896626, 0.7971827834181435, 0.7890543661133589]","[0.9988650951450703, 0.9994343953859428, 0.9996415649904032, 0.9996378991570489, 0.9994414731074792]","[2.6651880369478635, 2.6479194031808984, 2.7105080095688634, 2.7432107059247812, 2.728328939654924]",0.930875926512335,0.7687510069859422,0.9994040855571888,2.6990310190554663,0.036605133273387644
18,0.2932001936719564,l1,0.40927329505468996,"[0.8826483196584871, 0.9379554213944149, 0.9275724709706565, 0.9417848426936486, 0.9491135225316236]","[0.686934707802293, 0.7528635926143664, 0.7308791225413833, 0.6885089081602583, 0.7924370042555883]","[0.9986423720155081, 0.99903193099987, 0.9992694167295029, 0.9988452259887177, 0.9992078717104151]","[2.568225399476288, 2.689850945008651, 2.6577210102415427, 2.6291389768426248, 2.740758398497627]",0.9278149154497661,0.7303246670747778,0.9989993634888027,2.657138946013347,0.057883060634635455
19,0.002919007355389339,l2,0.6104314423456825,"[0.5725710451614456, 0.7096385462386147, 0.8179566884766154, 0.7139647808084844, 0.6685523579317554]","[0.47919252546159075, 0.4538973839356216, 0.47663042939697453, 0.4208869817743829, 0.39433868930514115]","[0.9481240077038009, 0.9345554555401917, 0.9810928342942082, 0.9449013895262354, 0.9093614903774819]","[1.9998875783268373, 2.098091385714428, 2.275679952167798, 2.079753152109103, 1.9722525376143785]",0.6965366837233831,0.44498920197474223,0.9436070354883836,2.085132921186509,0.10631442442931836
20,1.9125962218619508,elasticnet,0.7058796783063315,"[0.8827550814831656, 0.9123852203866779, 0.9109512992934373, 0.9627051166537328, 0.9488793578758521]","[0.7379782158532187, 0.7703808722721069, 0.7925223774815339, 0.7421529127901249, 0.7769612209785249]","[0.9982866183792778, 0.9992891318404249, 0.9985525047010071, 0.999354452738888, 0.9992611928018192]","[2.619019915715662, 2.6820552244992095, 2.7020261814759783, 2.704212482182746, 2.7251017716561963]",0.9235352151385732,0.7639991198751018,0.9989487800922834,2.6864831151059585,0.03638188420099142
21,83.26685924616774,elasticnet,0.4100068805456726,"[0.8683503062188035, 0.9551631171921057, 0.9307802459006881, 0.9384676151946456, 0.9453358514600719]","[0.7717626518052896, 0.8151735267107576, 0.7889109006853378, 0.7656267796152936, 0.7686468275566304]","[0.9988532759900746, 0.9996405506773748, 0.9996287034613421, 0.9993585158123497, 0.9994767335397128]","[2.638966234014168, 2.769977194580238, 2.719319850047368, 2.703452910622289, 2.713459412556415]",0.927619427193263,0.7820241372746618,0.9993915558961708,2.7090351203640957,0.04190488357160157
22,35.659701553327615,elasticnet,0.3247020493261914,"[0.8815106137563583, 0.9495866818501759, 0.932071210865704, 0.9646005695678999, 0.9222185455867451]","[0.7641237366530444, 0.7807797665274387, 0.8044122048490128, 0.7893676041208064, 0.7701829589845264]","[0.9991181244620256, 0.9993787394555799, 0.9996922825495558, 0.9995429028166062, 0.9993219511610795]","[2.6447524748714284, 2.7297451878331946, 2.7361756982642724, 2.7535110765053123, 2.691723455732351]",0.9299975243253765,0.7817732542269658,0.9994108000889694,2.7111815786413116,0.0388652656396027
23,10.556503829525466,elasticnet,0.5667606458208736,"[0.910811183073537, 0.9359934104939747, 0.9573686248486633, 0.969908999367473, 0.9539893087427285]","[0.7486135093714317, 0.7225509084222481, 0.7371921023970064, 0.7753740687983165, 0.7730871895140926]","[0.9986724275295861, 0.9991537357836521, 0.9995192536421993, 0.999616012889455, 0.9995906087892865]","[2.658097119974555, 2.6576980546998747, 2.694079980887869, 2.7448990810552445, 2.7266671070461075]",0.9456143053052752,0.7513635557006191,0.9993104077268358,2.6962882687327303,0.03532288178985814
24,6.029215049170502,elasticnet,0.10241708863811336,"[0.9192757807458872, 0.9473870392484633, 0.9345667978604293, 0.9492889815687563, 0.9590342435774114]","[0.7253896531601312, 0.6887451116231158, 0.7789036171982333, 0.7364488739460444, 0.792138342720828]","[0.9969025238172516, 0.999445634949889, 0.9995831665309926, 0.9994403886983662, 0.9993359473091931]","[2.6415679577232702, 2.635577785821468, 2.713053581589655, 2.685178244213167, 2.7505085336074324]",0.9419105686001895,0.7443251197296705,0.9989415322611384,2.6851772205909983,0.04337543936688141
25,99.49383696296695,l1,0.830231756107921,"[0.8819985160231206, 0.9343160963086672, 0.939163317175501, 0.9669885239607356, 0.9520560508395858]","[0.7474052225360726, 0.8100485089728882, 0.79535333080526, 0.7726742570446339, 0.7481888802473413]","[0.9983761655519988, 0.9995836515601322, 0.9996016573426454, 0.9996300627792221, 0.999376796332647]","[2.627779904111192, 2.7439482568416875, 2.734118305323406, 2.7392928437845914, 2.699621727419574]",0.9349045008615221,0.7747340399212392,0.9993136667133291,2.7089522074960906,0.043484734919998894
26,32.77560844178039,elasticnet,0.7358036307723868,"[0.8943173084922152, 0.9497833517023622, 0.9483780618285053, 0.9625543415136714, 0.9559240381998413]","[0.7538541099102473, 0.8116092112814903, 0.8096272910448219, 0.7651144190946867, 0.8016110200292537]","[0.9990693438196077, 0.9997038078110472, 0.9998174751978425, 0.999299684319465, 0.9994934395084865]","[2.6472407622220704, 2.7610963707949, 2.75782282807117, 2.726968444927823, 2.7570284977375814]",0.9421914203473192,0.7883632102720999,0.9994767501312898,2.730031380750709,0.043197015101565026
27,12.359392557017712,elasticnet,0.7145392424570005,"[0.8680755985963415, 0.9230569609010664, 0.9413745774179649, 0.9544901554729657, 0.9483830143814633]","[0.7949782938034246, 0.7756802419797587, 0.727059481787198, 0.7308034093008433, 0.8036405213970648]","[0.9988721943152121, 0.9992857274487227, 0.999453809692056, 0.9995638096704599, 0.9994573745726085]","[2.6619260867149785, 2.6980229303295475, 2.667887868897219, 2.684857374444269, 2.7514809103511366]",0.9270760613539604,0.7664323896536579,0.9993265831398119,2.69283503414743,0.03196128971815667
28,1.5226700958751846,l2,0.8395561189986107,"[0.8572504100334225, 0.9142741548665684, 0.9407118180680536, 0.9583084389039277, 0.911983005359607]","[0.7126590877653841, 0.6439589722550291, 0.7208589250819089, 0.7782254467970247, 0.6710867876543687]","[0.9979719581749097, 0.9979275731414784, 0.9991187005983879, 0.9993693551720252, 0.997962528834798]","[2.5678814559737164, 2.5561607002630757, 2.6606894437483506, 2.7359032408729775, 2.581032321848774]",0.9165055654463158,0.7053578439107431,0.9984700231843199,2.6203334325413787,0.0684089394069656
29,0.11450473853869768,l1,0.7395056644666023,"[0.9014281957054854, 0.9317869749364256, 0.9494023901744458, 0.9541926219920827, 0.9437157450564014]","[0.6551394958998524, 0.7210641877063434, 0.6279729244838295, 0.6370415857858583, 0.5597643375055494]","[0.9946746789633002, 0.9984763170831243, 0.9987221594865336, 0.9992792689244453, 0.9972222674689859]","[2.551242370568638, 2.6513274797258934, 2.576097474144809, 2.5905134767023865, 2.5007023500309367]",0.9361051855729681,0.6401965062762868,0.9976749383852779,2.5739766302345326,0.04928911824924384
30,34.693542295461896,l1,0.6599721605228083,"[0.9147588020975235, 0.9485651821228943, 0.9446353976044028, 0.9668099043205338, 0.9650261049722704]","[0.7654097930245349, 0.7902702262625364, 0.8215717435474889, 0.8069887167510505, 0.8002843653299032]","[0.9990009740624919, 0.9996203087528354, 0.9997767485363538, 0.9996563134319898, 0.9996078346780002]","[2.67916956918455, 2.738455717138266, 2.765983889688245, 2.773454934503574, 2.7649183049801738]",0.9479590782235249,0.7969049689831028,0.9995324358923341,2.744396483098962,0.03470273157435098
31,28.927095762067715,l1,0.6788067115363161,"[0.8930053088288739, 0.9343799289659112, 0.9335983372944895, 0.959524930674441, 0.9474401678627673]","[0.7635535362620748, 0.7757628322156556, 0.7882834958618922, 0.7562431345179399, 0.7585506794538616]","[0.9987953967493126, 0.999547472936278, 0.9995335027944304, 0.9996628580855219, 0.99958444955494]","[2.6553542418402616, 2.709690234117845, 2.721415335950812, 2.715430923277903, 2.7055752968715687]",0.9335897347252965,0.7684787356622849,0.9994247360240965,2.701493206411678,0.02368041373911319
32,41.14888955485467,l1,0.830673111119375,"[0.8838503732928296, 0.9329847080189461, 0.944366484314485, 0.9657738009411971, 0.9601011618608278]","[0.7576361779101525, 0.810328008534141, 0.7335063868475232, 0.7998689362687651, 0.739237959305725]","[0.9982858913476845, 0.999674885796022, 0.9992053796133888, 0.9996039738885633, 0.9993325381288795]","[2.6397724425506666, 2.742987602349109, 2.6770782507753967, 2.7652467110985253, 2.6986716592954325]",0.9374153056856571,0.7681154937732615,0.9992205337549075,2.7047513332138258,0.045048243431262194
33,4.064997111440864,l1,0.5579696457924681,"[0.8900611361205916, 0.9475499751347115, 0.9444606846105305, 0.9271541662316658, 0.9373735845194155]","[0.7644780641161685, 0.8269926750288499, 0.8122100597888838, 0.778994095292553, 0.7930238683437225]","[0.9988730313511475, 0.9997443908660378, 0.9995954977635403, 0.9995493129493167, 0.9995902428145703]","[2.6534122315879074, 2.7742870410295994, 2.7562662421629547, 2.7056975744735356, 2.7299876956777083]",0.929319909323383,0.7951397525140356,0.9994704951489226,2.723930156986341,0.042245323570019214
34,15.788146780912713,l1,0.7555136736672708,"[0.8844438524852422, 0.9494266081142135, 0.9450838933979935, 0.9673922683077906, 0.9460926821668749]","[0.7608224666188516, 0.7624397743072475, 0.7628155472807936, 0.7585119168480793, 0.8099140990692496]","[0.9989394892184679, 0.9996130401567181, 0.999616231685133, 0.999679234930722, 0.9996657357487649]","[2.6442058083225617, 2.7114794225781793, 2.70751567236392, 2.7255834200865916, 2.7556725169848892]",0.9384878608944229,0.7709007608248443,0.9995027463479612,2.7088913680672286,0.03649633597766792
35,41.31509335377101,elasticnet,0.6045769288260239,"[0.8987899235837137, 0.9533955403877014, 0.9453416001806125, 0.968901955208906, 0.9522595408519579]","[0.6994974931325568, 0.7556288780512063, 0.8017818657657041, 0.7743913262068643, 0.8184445461344025]","[0.9983168724552087, 0.9991480782476887, 0.9997268787342029, 0.9995493514383514, 0.9996236286763144]","[2.596604289171479, 2.708172496686596, 2.7468503446805195, 2.7428426328541216, 2.770327715662675]",0.9437377120425783,0.7699488218581468,0.9992729619103532,2.712959495811078,0.061472194752306336
36,0.24864369263196753,l2,0.6434182143125236,"[0.8692376234022222, 0.8865724800667336, 0.8929229052895888, 0.8778709462835017, 0.9182218317600416]","[0.6757086527790319, 0.6773681710184448, 0.6633553416578869, 0.6142276489810687, 0.6385850289611924]","[0.9952008871450712, 0.9976156565591917, 0.9933293529213572, 0.9985916135864408, 0.9945588753362299]","[2.5401471633263255, 2.56155630764437, 2.549607599868833, 2.490690208851011, 2.551365736057464]",0.8889651573604176,0.653848968679525,0.9958592771096582,2.538673403149601,0.024935268977134918
37,7.34309335079425,l1,0.8006721191551828,"[0.9212617302142985, 0.9562770481336432, 0.9368023084181627, 0.9682467387605905, 0.9321790205175623]","[0.7302725906695684, 0.8012257597156227, 0.808993757422095, 0.7513453644609039, 0.7626626218540652]","[0.9969904065871753, 0.9997055312511857, 0.9997241065933864, 0.9995645166593289, 0.9993850766367137]","[2.648524727471042, 2.7572083391004516, 2.745520172433644, 2.7191566198808235, 2.6942267190083413]",0.9429533692088514,0.770900018824451,0.9990739275455581,2.7129273155788605,0.03888267804882065
38,0.004710532421976169,elasticnet,0.8956180350126199,"[0.8127021911301193, 0.7290071178552292, 0.7672441196984714, 0.7433119244034734, 0.8142323933561751]","[0.4418937212131743, 0.34501968302564945, 0.4154782592001719, 0.37880018608345856, 0.36594610004654643]","[0.9843722567764601, 0.9709542312290281, 0.9856546193278497, 0.9820212820791832, 0.9751237386951513]","[2.2389681691197536, 2.0449810321099067, 2.168376998226493, 2.104133392566115, 2.1553022320978727]",0.7732995492886936,0.3894275899138001,0.9796252256215345,2.142352364824028,0.0649945544193174
39,2.2045226588005344,l2,0.706486973108344,"[0.877880369955871, 0.9058389848451947, 0.9349872715743353, 0.948366693330751, 0.926762951551607]","[0.7003777171332389, 0.7401106192476721, 0.7089640687201172, 0.7555661315780685, 0.7468769148486785]","[0.9960948107196269, 0.9987215019860004, 0.9987908041635342, 0.9995149678347411, 0.9992295897998561]","[2.574352897808737, 2.6446711060788672, 2.6427421444579866, 2.7034477927435607, 2.6728694562001416]",0.9187672542515518,0.7303790903055549,0.9984703349007518,2.6476166794578586,0.04278980051237135
40,0.0002309182492070125,l1,0.6570422890473477,"[0.04, 0.060698412698412696, 0.12, 0.10618421052631578, 0.04]","[0.0002368365404948192, 0.007745884428818312, 0.0012903784479317546, 0.0008483726171670139, 4.51738133050997e-05]","[0.5585000619321873, 0.5673074809897624, 0.7524548091195798, 0.4917426823670248, 0.5945115581855793]","[0.5987368984726821, 0.6357517781169933, 0.8737451875675116, 0.5987752655105076, 0.6345567319988844]",0.07337652464494569,0.0020333291695433997,0.5929033185188267,0.6683131723333158,0.10399849317194275
41,3.6230053602601946,l1,0.5316534856792644,"[0.8785451670861636, 0.9412509690071111, 0.9385095943850934, 0.9576627216593149, 0.9369207445873403]","[0.7358643714026354, 0.7980458798855885, 0.8144596663400558, 0.8071911138561881, 0.7741736163868919]","[0.998456644031177, 0.99964341187283, 0.9996788890545528, 0.9995803101221183, 0.9991223310284744]","[2.612866182519976, 2.7389402607655295, 2.752648149779702, 2.7644341456376216, 2.7102166920027067]",0.9305778393450046,0.785946929574272,0.9992963172218305,2.715821086141107,0.05456203775238288
42,4.960088684804217,l1,0.5657718221290099,"[0.892826893263277, 0.9391349759741092, 0.9505036482734244, 0.9650460211001672, 0.9361825606805095]","[0.7729211564274996, 0.7748026833448088, 0.7750812625190737, 0.804308650441189, 0.7840597884621222]","[0.9986383878010304, 0.999517587205082, 0.9995573265647114, 0.9994514608037305, 0.9994098347223991]","[2.664386437491807, 2.713455246524, 2.7251422373572094, 2.7688061323450865, 2.7196521838650307]",0.9367388198582974,0.7822347082389387,0.9993149194193907,2.7182884475166267,0.03325554753416431
43,50.12282911457503,l1,0.4670826159138028,"[0.8569363257544225, 0.9409720375078678, 0.9366308287322528, 0.9593541221378382, 0.9463190734688169]","[0.8081724678171589, 0.8006188057705618, 0.8014275736484303, 0.8038223423543748, 0.8225961830816195]","[0.9986353025759488, 0.999516991866382, 0.9997025057394324, 0.9996528125993211, 0.9994957653582489]","[2.6637440961475303, 2.7411078351448115, 2.7377609081201157, 2.762829277091534, 2.7684110219086855]",0.9280424775202396,0.8073274745344291,0.9994006756278667,2.7347706276825354,0.037450858702455084
44,57.31298901594891,l1,0.4862811713033049,"[0.8977590840216181, 0.9485432942134057, 0.9360040547146571, 0.9658208577586211, 0.953338384015039]","[0.7499656803790071, 0.8164565024523557, 0.754702307087689, 0.8035339407505533, 0.7938112644154713]","[0.9979392416996857, 0.9996650347388402, 0.9995720360562181, 0.9997875070930301, 0.9996081175922952]","[2.645664006100311, 2.7646648314046014, 2.690278397858564, 2.7691423056022044, 2.7467577660228057]",0.9402931349446682,0.7836939390170153,0.9993143874360138,2.7233014613976976,0.047917860538507204
45,18.705985284605692,l1,0.43534218940252833,"[0.8639695406696941, 0.9466687061493375, 0.9347616447864562, 0.971217132091482, 0.937073935501364]","[0.7970013851435718, 0.7607327314549801, 0.7719020603530189, 0.8319256347762628, 0.7922511880355135]","[0.9992127516887948, 0.9994711757778856, 0.9996763785126666, 0.9997124189353676, 0.999628897593708]","[2.6601836775020606, 2.7068726133822034, 2.7063400836521416, 2.802855185803112, 2.728954021130585]",0.9307381918396669,0.7907625999526694,0.9995403245016844,2.7210411162940207,0.04664043465579604
46,51.71146892111197,elasticnet,0.7458676497141137,"[0.9126351568108109, 0.9455288055273422, 0.9424654248750324, 0.9690486821840828, 0.9656201269486812]","[0.7292505296867088, 0.8116737383014176, 0.7589818624535093, 0.8008911447031344, 0.8387647702498385]","[0.9984273360955629, 0.9995787726058597, 0.9997034254653507, 0.9994930660124264, 0.9996574120509945]","[2.6403130225930824, 2.7567813164346195, 2.7011507127938925, 2.7694328928996437, 2.804042309249514]",0.9470596392691899,0.7879124090789217,0.9993720024460389,2.7343440507941503,0.057508498352131
47,56.53115495218811,elasticnet,0.7429770505283829,"[0.9095174961148592, 0.9396339144404231, 0.9390490615854808, 0.9706326825084591, 0.930966216353111]","[0.7481554398913637, 0.7412514079203443, 0.7636865662027386, 0.8325914534071611, 0.7753899994512088]","[0.9989954133045498, 0.9995520858806884, 0.9994163365893631, 0.9998139171255456, 0.9993860413514417]","[2.656668349310773, 2.6804374082414557, 2.7021519643775824, 2.803038053041166, 2.7057422571557614]",0.9379598742004667,0.7722149733745634,0.9994327588503177,2.7096076064253483,0.0499063949491088
48,15.304104018041668,elasticnet,0.27383836451899113,"[0.8857616611488964, 0.9438364778611907, 0.9433456750318188, 0.9656450031374827, 0.93657547788736]","[0.7728070316864595, 0.7724259881392938, 0.7936763945157159, 0.7763264386101392, 0.8315965764894451]","[0.9988504039704469, 0.9996212971067348, 0.9994980872124855, 0.9995557738786212, 0.9993341115788108]","[2.657419096805803, 2.715883763107219, 2.73652015676002, 2.741527215626243, 2.767506165955616]",0.9350328590133496,0.7893664858882106,0.9993719347494198,2.7237712796509803,0.03702802315956497
49,25.91164334582946,elasticnet,0.8583934277589788,"[0.8864134377266366, 0.9459639711958616, 0.9320664104146063, 0.9489827520666232, 0.9199893842954537]","[0.7712751332467517, 0.78231531649737, 0.7854032400634984, 0.7957705189406833, 0.796568181139825]","[0.9983756004209998, 0.9995544241794625, 0.9993918590236739, 0.9996445541931507, 0.99954379552282]","[2.656064171394388, 2.727833711872694, 2.7168615095017783, 2.7443978252004575, 2.7161013609580986]",0.9266831911398363,0.7862664779776257,0.9993020466680214,2.7122517157854835,0.02989742819489482
50,0.012668721377832235,elasticnet,0.767554426724561,"[0.7988712271003051, 0.8372389186380275, 0.7761904783922615, 0.8319124864971953, 0.8577289956814528]","[0.48541173966126555, 0.41786200699067244, 0.47321378581304385, 0.5196907830008174, 0.49916568835324715]","[0.9872930239439383, 0.9868438672872041, 0.9878413440902609, 0.9903983408553212, 0.9902794063765498]","[2.271575990705509, 2.241944792915904, 2.2372456082955665, 2.342001610353334, 2.34717409041125]",0.8203884212618485,0.4790688007638092,0.9885311965106549,2.2879884185363126,0.047717050797911026
51,49.9519555108005,elasticnet,0.8068238943244377,"[0.8890599244807156, 0.9317669803476492, 0.933286798881983, 0.9551262886154883, 0.9498505881001631]","[0.7819244306862756, 0.7714108877629602, 0.7683054550906016, 0.8015573782332814, 0.7571399630138687]","[0.9992118446091308, 0.9997087518290187, 0.9989641635497195, 0.9996374013908442, 0.9994267808041141]","[2.670196199776122, 2.702886619939628, 2.700556417522304, 2.7563210682396138, 2.706417331918146]",0.9318181160851997,0.7760676229573975,0.9993897884365655,2.7072755274791627,0.027732605571847847
52,0.0011649994366921916,l1,0.7305001875822024,"[0.6403766982305618, 0.5487390107171584, 0.5801750817438157, 0.5935997150470605, 0.5813458554054498]","[0.2737326622176915, 0.22270865922431254, 0.249480546107287, 0.21215063371592216, 0.18209496958067917]","[0.8982825495751, 0.888057703424792, 0.8229784750256561, 0.883435108593931, 0.8776417029856105]","[1.8123919100233534, 1.659505373366263, 1.6526341028767588, 1.6891854573569138, 1.6410825279717396]",0.5888472722288093,0.22803349416917848,0.874079107921018,1.690959874319006,0.06276127455100305
53,10.163498211064693,elasticnet,0.660523719533721,"[0.8667359808919316, 0.9271128687995323, 0.9341178983815618, 0.9656449374252376, 0.946058027014693]","[0.8130982305717702, 0.7329030139492988, 0.7852611904740685, 0.70077846650121, 0.7656064636102127]","[0.9989446602390327, 0.9988283691809349, 0.9993417872145581, 0.9993394272823444, 0.9994432836875992]","[2.6787788717027343, 2.6588442519297657, 2.7187208760701886, 2.665762831208792, 2.711107774312505]",0.9279339425025913,0.7595294730213119,0.9991795055208937,2.686642921044797,0.024075347026377668
54,95.45414319480805,l1,0.4639564982478809,"[0.8978806269143357, 0.9483089466309675, 0.9409871942312519, 0.956447488767749, 0.9463801815376118]","[0.7528388211920739, 0.7186081232721242, 0.8167024564674084, 0.7561462117642114, 0.7935676648364138]","[0.9987240215362668, 0.9993299917555245, 0.9997540437732786, 0.9994548791948694, 0.9995709840998492]","[2.6494434696426765, 2.6662470616586162, 2.757443694471939, 2.71204857972683, 2.739518830473875]",0.9380008876163831,0.7675726555064464,0.9993667840719578,2.704940327194787,0.04142432549730305
55,26.010797676832496,elasticnet,0.8660642293547527,"[0.8829623780241523, 0.9347821965737486, 0.9535754716824622, 0.9656002182896148, 0.9448449673342335]","[0.809425148380753, 0.8085232294556198, 0.7805922176981106, 0.7669020084506234, 0.7590662841349156]","[0.9991291663836064, 0.9994308720179654, 0.9993932851382417, 0.9995335113694864, 0.9995082180294297]","[2.691516692788512, 2.742736298047334, 2.7335609745188147, 2.7320357381097247, 2.703419469498579]",0.9363530463808424,0.7849017776240045,0.9993990105877458,2.720653834592593,0.019645730089173287
56,62.09618905691394,l2,0.8084238405939733,"[0.8958861855356364, 0.9447846801311816, 0.9307525528465429, 0.9647121544797952, 0.95474590076016]","[0.7407715787707561, 0.7419690912521613, 0.7116874889621644, 0.7867739012629501, 0.8080125452812332]","[0.9982257690327674, 0.9995845556897166, 0.9984010359598989, 0.9994656450956734, 0.9995561033388419]","[2.63488353333916, 2.6863383270730594, 2.640841077768606, 2.750951700838419, 2.762314549380235]",0.9381762947506631,0.757842921105853,0.9990466218233796,2.6950658376798957,0.05344908364213353
57,7.922554381642165,elasticnet,0.6833896730936035,"[0.8973462839932523, 0.9529066853724757, 0.9274522068434814, 0.9625678167791359, 0.964534887883523]","[0.7435691901834965, 0.8000542959624939, 0.7674065083383936, 0.7537983080146815, 0.8422704364974645]","[0.9983958877119159, 0.999248279842042, 0.9996036443847136, 0.9993376836748127, 0.9997432712686318]","[2.639311361888665, 2.7522092611770117, 2.6944623595665886, 2.7157038084686302, 2.8065485956496197]",0.9409615761743735,0.781419747799306,0.9992657533764232,2.721647077350103,0.05602823619630839
58,0.8442206016499767,l1,0.7786074787773887,"[0.9004985353520115, 0.9486988401577162, 0.9495065220989928, 0.9708263822538443, 0.9460208110124885]","[0.7435365654164106, 0.7547248332823975, 0.7834748255140161, 0.7849247661760335, 0.8173493887278839]","[0.9976216083240428, 0.9996106232411104, 0.9994254279843946, 0.9996725998117452, 0.9995962955805393]","[2.641656709092465, 2.703034296681224, 2.7324067755974033, 2.755423748241623, 2.762966495320912]",0.9431102181750106,0.7768020758233483,0.9991853109883664,2.7190976049867257,0.043991645743017185
59,18.039437296155622,elasticnet,0.7236711026093211,"[0.8596801004335838, 0.9457071070104416, 0.9374453630403216, 0.9669093508582703, 0.9363347339180725]","[0.7462859426610053, 0.8155031939692402, 0.805684435871606, 0.7996427872158155, 0.7917545610706971]","[0.9992002665039792, 0.9992309695359617, 0.9996648875958283, 0.9995688386257988, 0.9995604788528313]","[2.6051663095985687, 2.7604412705156434, 2.7427946865077555, 2.7661209766998844, 2.727649773841601]",0.9292153310521378,0.7917741841576729,0.9994450882228799,2.7204346034326905,0.05920572552714556
60,24.894198530753087,l1,0.37727472352649694,"[0.8834478755013632, 0.9319831855352807, 0.9412046315861562, 0.9695034782835059, 0.9406018442766191]","[0.783651059861318, 0.7349268004853482, 0.7907667369140314, 0.8115358635178344, 0.8111928491735657]","[0.9988192329647486, 0.9993906177015416, 0.9996076098063886, 0.9994375652283174, 0.9994435618836414]","[2.66591816832743, 2.6663006037221706, 2.731578978306576, 2.7804769070296578, 2.751238255333826]",0.9333482030365851,0.7864146619904195,0.9993397175169276,2.719102582543932,0.045982171558138996
61,4.6493574461553715,l1,0.5700501713886249,"[0.8882139129305949, 0.9514889131623954, 0.9454954883719567, 0.9656073847434746, 0.9475502863684929]","[0.7607407069555684, 0.813039783960933, 0.7799576726939815, 0.7911088492031116, 0.8070335194559435]","[0.9981643431212962, 0.9995082578808645, 0.9993342471869018, 0.999585561627654, 0.999464992903845]","[2.6471189630074594, 2.764036955004193, 2.72478740825284, 2.7563017955742404, 2.7540487987282813]",0.9396711971153829,0.7903761064539075,0.9992114805441122,2.7292587841134024,0.043179471690581624
62,2.6424757656691757,l1,0.5929376272141142,"[0.8953515113689273, 0.9502191661473901, 0.9392688071078146, 0.9630993542122478, 0.9462211981250697]","[0.7677535408323926, 0.8006504777930914, 0.7413847515334483, 0.7742848538131958, 0.7729962277928603]","[0.9991227058529175, 0.9993828775640148, 0.9994279196430992, 0.9995542799674588, 0.9994686315132592]","[2.6622277580542377, 2.750252521504496, 2.6800814782843623, 2.7369384879929024, 2.718686057431189]",0.9388320073922898,0.7714139703529976,0.9993912829081498,2.7096372606534374,0.03346055098027347
63,1.2360561456823969,l1,0.6383431534498678,"[0.883183714098582, 0.9382303671759992, 0.9330042006464855, 0.9682036159572077, 0.9548457605234045]","[0.7444255815278426, 0.7501492555663366, 0.7797261021337198, 0.7647868195705704, 0.7497341811904414]","[0.9987569140972278, 0.9989639437304052, 0.9993024898023788, 0.9996161277446238, 0.9994593973023135]","[2.626366209723652, 2.687343566472741, 2.7120327925825842, 2.7326065632724017, 2.7040393390161594]",0.9354935316803358,0.7577643879977822,0.9992197745353899,2.6924776942135074,0.03612059601895771
64,11.69700964465984,l1,0.5192746337175093,"[0.8905004323317668, 0.940856811652651, 0.958558374289841, 0.9690382822548831, 0.9606754559774668]","[0.7434833828261893, 0.7426628879198849, 0.7418841107246685, 0.8228576268114778, 0.8182020890707807]","[0.9985947095797587, 0.9993257227505731, 0.9994476625393831, 0.9996558113596186, 0.9997053471529455]","[2.6325785247377147, 2.682845422323109, 2.6998901475538926, 2.7915517204259794, 2.778582892201193]",0.9439258713013217,0.7738180194706002,0.9993458506764556,2.7170897414483774,0.059894305363989965
65,41.985046493599135,l1,0.6738105799198916,"[0.9015303316203841, 0.9259416573993398, 0.9535554339730626, 0.9736292779491977, 0.9408619628262458]","[0.7392376192608547, 0.7319769654075153, 0.8028852645187541, 0.811823428307669, 0.8082502395662122]","[0.998859227973984, 0.9995026776775571, 0.9996120169115392, 0.9997044737986281, 0.9994332027654056]","[2.639627178855223, 2.657421300484412, 2.756052715403356, 2.785157180055495, 2.7485454051578637]",0.9391037327536459,0.778834703412201,0.9994223198254228,2.71736075599127,0.05779472730883095
66,6.226693454834684,elasticnet,0.5836095896352614,"[0.8764510729176649, 0.9451505279082403, 0.9314360367170477, 0.9593384822452201, 0.9500520020452609]","[0.7860806226291812, 0.7839582131988148, 0.7768921298276199, 0.7602827893519482, 0.7350715738081408]","[0.9986202382972202, 0.9994724377561068, 0.9993358581110218, 0.9995182148628622, 0.9994853999796531]","[2.6611519338440663, 2.7285811788631618, 2.7076640246556893, 2.7191394864600307, 2.684608975833055]",0.9324856243666868,0.768457065763141,0.9992864298013728,2.7002291199312003,0.024444771998665352
67,67.38420779376878,l1,0.6265037742477265,"[0.8576218563257637, 0.9211809616518164, 0.9538346857587083, 0.9646074979478625, 0.9566534312228627]","[0.763580806319046, 0.7966437279835837, 0.8304989166788126, 0.7775886332740113, 0.7700475946422878]","[0.9984553432047949, 0.9993374060601825, 0.9998145456258273, 0.999576538875034, 0.9994477545385991]","[2.6196580058496046, 2.7171620956955826, 2.7841481480633483, 2.741772670096908, 2.72614878040375]",0.9307796865814029,0.7876719357795483,0.9993263176608874,2.717777940021839,0.054182512495722944
68,34.551359527315604,l2,0.5370620809511402,"[0.8871443369549438, 0.9287677595002809, 0.9372540010719335, 0.9619156851870347, 0.9463940257436253]","[0.7551214187019787, 0.8108425710345007, 0.7319642761891489, 0.8138168609440787, 0.7991796690551273]","[0.9988312602060694, 0.9995078998073413, 0.9995957088594232, 0.9995653419907043, 0.9992767368582611]","[2.641097015862992, 2.739118230342123, 2.6688139861205054, 2.7752978881218175, 2.7448504316570137]",0.9322951616915637,0.7821849591849669,0.9993553895443599,2.71383551042089,0.05039164887048135
69,0.05245673265812781,elasticnet,0.7565033067790862,"[0.893169842232522, 0.820302000233237, 0.9123243152266072, 0.8668265809662773, 0.9112265824417776]","[0.6157186229605821, 0.6128323056372031, 0.6261773348196324, 0.5718769201505897, 0.6533907451807771]","[0.9948088651118548, 0.9947144187390634, 0.9969058592925936, 0.9943564074926999, 0.9956156519885019]","[2.5036973303049592, 2.4278487246095035, 2.535407509338833, 2.433059908609567, 2.5602329796110563]",0.8807698642200842,0.6159991857497569,0.9952802405249427,2.492049290494784,0.053415516976703666
70,15.430227660100883,l1,0.1558910782034193,"[0.9128686561886988, 0.953272249918692, 0.9464484318444323, 0.9684540341550038, 0.950407143004042]","[0.7705349257369731, 0.7864872737705957, 0.7938732068689381, 0.7953999770318967, 0.8017749141057593]","[0.9984076887121667, 0.9996476274409707, 0.999578767528469, 0.9996474592135145, 0.9996695591011018]","[2.6818112706378385, 2.7394071511302585, 2.7399004062418393, 2.7635014704004153, 2.751851616210903]",0.9462901030221736,0.7896140595028326,0.9993902203992444,2.735294382924251,0.028172168432536813
71,15.145605781609106,l1,0.18943795183468498,"[0.8927458415201602, 0.9557283094414835, 0.9227746484337288, 0.9639512289607787, 0.9396747395184653]","[0.7564616628291552, 0.7908108415339875, 0.7853439863409971, 0.8175768972155042, 0.8151057780948143]","[0.9984782595414314, 0.9996848432473329, 0.9996478563185097, 0.9997626755520915, 0.9996565384444903]","[2.6476857638907467, 2.746223994222804, 2.7077664910932358, 2.7812908017283746, 2.75443705605777]",0.9349749535749232,0.7930598332028916,0.9994460346207712,2.727480821398586,0.046323568773745306
72,8.961371666055808,l1,0.32045160064893724,"[0.8964220184383055, 0.9390413872170527, 0.94108055805267, 0.964837504523443, 0.9387648407468073]","[0.7783927124107402, 0.768321218540484, 0.7905375435592226, 0.7497819758066341, 0.7823999312449728]","[0.9984626984856969, 0.9993063338250999, 0.9996963636960341, 0.9994934362624016, 0.9994332546966872]","[2.6732774293347425, 2.7066689395826367, 2.7313144653079267, 2.7141129165924784, 2.7205980266884673]",0.9360292617956556,0.7738866763124108,0.999278417393184,2.7091943555012503,0.01969740352648583
73,30.330443469279132,l1,0.21637854040873633,"[0.9097256216279493, 0.9435072686854337, 0.9477053436007402, 0.9717329028361648, 0.9583895676491864]","[0.7581215354571722, 0.7921897456147055, 0.7955376660023279, 0.7880471048099339, 0.7646022246555664]","[0.9983974465128831, 0.9996960562408532, 0.9996715972044697, 0.9995984755003327, 0.9995666416859487]","[2.6662446035980043, 2.7353930705409923, 2.742914606807538, 2.759378483146431, 2.7225584339907014]",0.9462121408798948,0.7796996553079412,0.9993860434288975,2.7252978396167338,0.031838792265207264
74,5.101304790332232,l1,0.6944789460489441,"[0.9045639349227477, 0.9566558693034284, 0.9322296680412796, 0.947092022674786, 0.9532695042654729]","[0.7565742490162474, 0.7676857345166515, 0.7949023108114587, 0.7837843185093318, 0.8294080540801642]","[0.9988449087570566, 0.9995447107266529, 0.9994986815000817, 0.9995274065971449, 0.9997276289633135]","[2.6599830926960513, 2.723886314546733, 2.72663066035282, 2.7304037477812626, 2.7824051873089504]",0.938762199841543,0.7864709333867708,0.9994286673088499,2.724661800537163,0.038871793654322674
75,19.789399676432048,l1,0.13209808062387715,"[0.8909074643113182, 0.9363192599599744, 0.942427964340641, 0.9617275914688893, 0.9510522115104755]","[0.7057444349744313, 0.7913444715549458, 0.7985158379724262, 0.7971455657217803, 0.7936851304312544]","[0.9978964592840229, 0.9997176675482601, 0.9997317371881114, 0.9994363218629716, 0.9996551746715451]","[2.5945483585697726, 2.7273813990631806, 2.7406755395011784, 2.7583094790536413, 2.7443925166132748]",0.9364868983182596,0.7772870881309675,0.9992874721109821,2.713061458560209,0.06006991191747308
76,72.5036876290881,l1,0.25451449124234105,"[0.906947337794278, 0.9616913201977322, 0.9512797091344719, 0.9701819855465965, 0.9592728750711017]","[0.7517931348563306, 0.7707329184078899, 0.7612465849516223, 0.7975740888504985, 0.8144422608837819]","[0.9983384594501041, 0.9995973858662355, 0.9995711620001398, 0.9996863354864609, 0.9996670829897609]","[2.657078932100713, 2.732021624471858, 2.712097456086234, 2.767442409883556, 2.7733822189446444]",0.949874645548836,0.7791577975900246,0.9993720851585403,2.7284045282974008,0.04222154311803934
77,3.447471643309464,elasticnet,0.8394192416337493,"[0.8826266258531267, 0.949968303677015, 0.928218896280551, 0.9597446906537, 0.9407262282369601]","[0.7556724084235802, 0.748596537772667, 0.7453202337993171, 0.7545017437795554, 0.7901083866022289]","[0.9988206125581268, 0.998753577001068, 0.9993320821721536, 0.9994086565483654, 0.9994075863383739]","[2.6371196468348335, 2.69731841845075, 2.672871212252022, 2.7136550909816206, 2.730242201177563]",0.9322569489402704,0.7588398620754698,0.9991445029236175,2.690241313939358,0.032625123117272274
78,42.033427422946154,l1,0.7878239731804032,"[0.8872002061776864, 0.9484321682987858, 0.9569147232145231, 0.9644751899886745, 0.9551955819300042]","[0.7738815993458636, 0.7975826770463302, 0.7177484500050129, 0.7761415569997332, 0.7524054107750437]","[0.9986923044834312, 0.9996565054634305, 0.9994546197168528, 0.9995717043586753, 0.9994898921310506]","[2.659774110006981, 2.7456713508085464, 2.6741177929363884, 2.740188451347083, 2.7070908848360986]",0.9424435739219348,0.7635519388343968,0.9993730052306882,2.7053685179870195,0.034337065965054064
79,12.4035509883766,elasticnet,0.8157730069975159,"[0.9014244964308876, 0.9284871972123133, 0.9507155944288687, 0.9673793716525557, 0.9735564688725724]","[0.7497034630079286, 0.7587351559746182, 0.7987693777779771, 0.7921001100077326, 0.7905278072140222]","[0.9989108927670088, 0.9995078637410846, 0.9995070124557123, 0.9997067056020955, 0.9995011753089942]","[2.650038852205825, 2.686730216928016, 2.748991984662558, 2.759186187262384, 2.7635854513955884]",0.9443126257194395,0.7779671827964558,0.9994267299749792,2.7217065384908743,0.04530488564917681
80,7.5737772926269935,l1,0.7469268908864656,"[0.8733974186068884, 0.9352015362326181, 0.9337447892169141, 0.9708279535756915, 0.9402742176900083]","[0.8048360520799376, 0.7905837964407388, 0.7871820628460676, 0.7940071812224393, 0.8061408036834458]","[0.9990593011252824, 0.9994143145205687, 0.999559517875145, 0.9996227675895966, 0.999556916280431]","[2.6772927718121085, 2.725199647193926, 2.7204863699381265, 2.7644579023877274, 2.745971937653885]",0.9306891830644239,0.7965499792545259,0.9994425634782047,2.7266817257971545,0.02925405803721198
81,94.15617752949436,l1,0.29010771011317993,"[0.8935007753171085, 0.9361368299462591, 0.909541982894688, 0.9513610135265494, 0.9540189691717571]","[0.759333571145698, 0.7362827179138465, 0.7930902571988373, 0.786960569481126, 0.8027080394759308]","[0.9978851095380479, 0.9996651046384336, 0.9995680194873658, 0.9996775382130744, 0.9995653543488163]","[2.6507194560008545, 2.672084652498539, 2.7022002595808914, 2.7379991212207497, 2.756292362996504]",0.9289119141712725,0.7756750310430877,0.9992722252451476,2.703859170459508,0.03937252124846484
82,54.18448268893226,l1,0.12790521308052893,"[0.9121508097882335, 0.9585387453066122, 0.9375990727450513, 0.9641405155695948, 0.9476970898983246]","[0.7751793922159814, 0.7628954859621001, 0.8220656748133329, 0.8024737211730414, 0.8315620004903199]","[0.9984545125507567, 0.9996096679422638, 0.9995999004949853, 0.9995843666716552, 0.9996257910161441]","[2.6857847145549716, 2.7210438992109762, 2.7592646480533696, 2.7661986034142916, 2.778884881404789]",0.9440252466615633,0.7988352549309552,0.9993748477351609,2.7422353493276796,0.0341853023601365
83,20.456007781177647,l1,0.17019176674151867,"[0.8787388720315257, 0.9500810212158366, 0.9382982092622818, 0.9686082145816806, 0.9469758029524225]","[0.805688485157457, 0.7653961084419414, 0.7491175964570896, 0.8159653762606527, 0.8177852502099576]","[0.9992875475717689, 0.9995176177874658, 0.9995031812982585, 0.9996546720751337, 0.9995866309932429]","[2.683714904760752, 2.714994747445244, 2.6869189870176298, 2.784228262917467, 2.7643476841556227]",0.9365404240087495,0.7907905633054197,0.999509929945174,2.726840917259343,0.04072839356570354
84,46.19258440643263,l1,0.16385314532747647,"[0.8900458765029328, 0.9345649163838644, 0.9335503654768464, 0.963702487205076, 0.9547319169223266]","[0.7902819350170758, 0.7840594929040801, 0.7817781100934185, 0.7616314679244607, 0.7999298896530033]","[0.9990001582704334, 0.9993696307338547, 0.9995570488797231, 0.999634166387918, 0.9995670413191512]","[2.679327969790442, 2.7179940400217992, 2.714885524449988, 2.724968121517455, 2.754228847894481]",0.9353191124982091,0.7835361791184077,0.9994256091182161,2.718280900734833,0.0239412427627776
85,30.053995888730142,l1,0.1406088908982774,"[0.8886364951038235, 0.9287273785440848, 0.9210179077075309, 0.9552816927550261, 0.9516673174583505]","[0.7877470216159324, 0.7322382873308224, 0.7826230080039671, 0.8096044433036049, 0.8239978095448709]","[0.9989667796097086, 0.9991554966481884, 0.999709322542265, 0.9996305967123356, 0.9993282299248384]","[2.6753502963294644, 2.6601211625230956, 2.703350238253763, 2.7645167327709665, 2.77499335692806]",0.9290661583137633,0.7872421139598396,0.9993580850874672,2.7156663573610693,0.046407741362551776
86,58.62688707475782,l2,0.7197189927406158,"[0.8787874901070987, 0.9584871783334922, 0.9402336867933393, 0.9740675454301813, 0.9311043574214832]","[0.7618351058832147, 0.8320000508883845, 0.7897957730340246, 0.7972092196840427, 0.8041994426406666]","[0.9987306791790224, 0.9996773740678244, 0.9995577832293323, 0.9996115204659346, 0.9992523527581539]","[2.6393532751693356, 2.790164603289701, 2.729587243056696, 2.7708882855801584, 2.734556152820304]",0.9365360516171188,0.7970079184260666,0.9993659419400535,2.732909911983239,0.051936598015817556
87,70.15458585566523,l2,0.10646305924217972,"[0.9266370421360653, 0.9386106631566224, 0.9290686627228086, 0.9569720794987612, 0.9558885667860798]","[0.776305387149139, 0.7866789347842044, 0.6903207622515823, 0.7788354255960894, 0.8249149279177597]","[0.9985391732580132, 0.9994134540713313, 0.9989056547294541, 0.9996004729595306, 0.9995473489680501]","[2.701481602543218, 2.724703052012158, 2.618295079703845, 2.7354079780543814, 2.7803508436718896]",0.9414354028600675,0.771411087539755,0.999201220797276,2.7120477111970986,0.05342728926055114
88,53.14153400243266,l2,0.6668199215474434,"[0.8889872203720759, 0.9269348606979875, 0.9366352459671278, 0.9394634481215227, 0.9462664350299215]","[0.767158079055867, 0.8223024240238519, 0.7879853967051492, 0.7803352498554983, 0.7185498480553255]","[0.9988498675987629, 0.9995499810120383, 0.9994580394903935, 0.9994946376906464, 0.9993760686173975]","[2.654995167026706, 2.7487872657338777, 2.7240786821626704, 2.7192933356676674, 2.6641923517026442]",0.9276574420377269,0.7752661995391384,0.9993457188818476,2.702269360458713,0.036370553245029316
89,36.03013774716289,l2,0.7139880569055606,"[0.8827159783478946, 0.940651096986391, 0.9370533361887304, 0.9491015010758868, 0.9376207155708747]","[0.7588654283958884, 0.8008247264415678, 0.7875886636005243, 0.7703896827392991, 0.7148084320794736]","[0.9985634576787958, 0.9991220311859565, 0.9997166806556805, 0.999689083606674, 0.9993268135852109]","[2.640144864422579, 2.7405978546139154, 2.724358680444935, 2.71918026742186, 2.6517559612355592]",0.9294285256339554,0.7664953866513506,0.9992836133424635,2.6952075256277697,0.04099926645416724
90,14.66592536900827,l2,0.6980595224345169,"[0.886054116116272, 0.9277921659388987, 0.9163950626343508, 0.9538905846570482, 0.9461505180771193]","[0.7763051533899151, 0.7735592680534101, 0.800756092515052, 0.7448781953640439, 0.7686326733977438]","[0.9988032696547733, 0.9996207233993938, 0.999605903027697, 0.999433432210604, 0.9995417138783111]","[2.6611625391609603, 2.7009721573917025, 2.7167570581771, 2.698202212231696, 2.714324905353174]",0.9260564894847377,0.772826276544033,0.9994010084341559,2.6982837744629267,0.019918836597229452
91,21.666146575442017,l2,0.76837568288173,"[0.9029164804724544, 0.9365310363746652, 0.9235882721174609, 0.9684672716327921, 0.9625395682871875]","[0.795697992580732, 0.7788563434202895, 0.7845962451086287, 0.7611952405437188, 0.79762873749457]","[0.9969842469634022, 0.9996957832777477, 0.9992074787206127, 0.9995085944876578, 0.9995010967005481]","[2.6955987200165885, 2.7150831630727024, 2.7073919959467023, 2.7291711066641686, 2.7596694024823054]",0.938808525776912,0.7835949118295877,0.9989794400299937,2.7213828776364934,0.022030744219692512
92,0.423315590534748,elasticnet,0.8513880108672501,"[0.8712434698189133, 0.9043507461849934, 0.9106961490483505, 0.9569785858675399, 0.9030926098875232]","[0.7334276582374136, 0.7412662070993243, 0.7229177234204203, 0.6695371688662278, 0.719798125811363]","[0.9958013059838238, 0.9984561454845869, 0.9979955370537601, 0.9985587284774755, 0.9982340574058804]","[2.600472434040151, 2.6440730987689047, 2.6316094095225306, 2.625074483211243, 2.6211247931047668]",0.909272312161464,0.7173893766869498,0.9978091548811052,2.6244708437295197,0.014301689601136926
93,0.00010682885106760144,l1,0.7317853846646241,"[0.04, 0.04, 0.04, 0.04, 0.04]","[3.6707609769871524e-05, 1.9769822777660104e-05, 1.9769822777660104e-05, 0.0002843068261787474, 8.473977826424687e-06]","[0.5, 0.5, 0.5, 0.5, 0.5]","[0.5400367076097699, 0.5400197698227777, 0.5400197698227777, 0.5402843068261788, 0.5400084739778265]",0.04,7.380561186607277e-05,0.5,0.5400738056118661,0.00010563614759896878
94,96.95011413920062,elasticnet,0.8260061935119092,"[0.8940390613286255, 0.9581185330343337, 0.9409145413045136, 0.9688110116494402, 0.9578328114915358]","[0.6618135411111922, 0.7841276784057051, 0.7977648507901298, 0.7339504268396531, 0.7836999470808647]","[0.9984072177286712, 0.9997493165548991, 0.9997640774984266, 0.9995646387950452, 0.9996720306990828]","[2.554259820168489, 2.7419955279949377, 2.73844346959307, 2.7023260772841384, 2.741204789271483]",0.9439431917616897,0.752271288845509,0.9994314562552249,2.695645936862424,0.0722359753982143
95,57.78042825184966,l1,0.23278222425083794,"[0.8945183042285134, 0.9406099691057327, 0.9403511860245368, 0.9668149336228151, 0.9562792900450975]","[0.7689885482692884, 0.7783877820192623, 0.7387619931563826, 0.7700347066862854, 0.8227127025766989]","[0.9985026699403302, 0.9997784128417684, 0.9992143956483062, 0.9996854802348545, 0.9997031589495268]","[2.662009522438132, 2.7187761639667634, 2.6783275748292255, 2.736535120543955, 2.778695151571323]",0.9397147366053391,0.7757771465415836,0.9993768235229572,2.71486870666988,0.041684204335188116
96,29.469214913401323,elasticnet,0.47119886171034053,"[0.9006755738559374, 0.9566166948703702, 0.9565917589382116, 0.9577154221774468, 0.9404912511904933]","[0.7663080490694205, 0.8015376600876623, 0.7881570484993368, 0.757540583064833, 0.8007115242810907]","[0.9989154172659039, 0.999392285111183, 0.9994561779474932, 0.9997331916980915, 0.9995766303691382]","[2.665899040191262, 2.7575466400692155, 2.7442049853850414, 2.714989196940371, 2.740779405840722]",0.942418140206492,0.7828509730004687,0.999414740478362,2.7246838536853226,0.032464580015371405
97,10.240414730345822,l1,0.8826470048814667,"[0.9147884655519586, 0.9463566687654438, 0.938958273681649, 0.9715576789393245, 0.9341775619169503]","[0.7445090055982567, 0.7841810847709644, 0.7923453589076109, 0.7774787925044555, 0.7749506271706776]","[0.9987311208445832, 0.9994499771929499, 0.999411013614688, 0.9996771273233067, 0.9993288139978316]","[2.6580285919947984, 2.7299877307293583, 2.730714646203948, 2.748713598767087, 2.7084570030854596]",0.9411677297710653,0.7746929737903929,0.9993196105946719,2.71518031415613,0.03129402017096388
98,43.59791889541291,l2,0.7868550464525147,"[0.9078717391363611, 0.9361940811597885, 0.9354982234790357, 0.968475060571862, 0.9117581541219062]","[0.742426707565113, 0.7613620213281709, 0.8011012515658067, 0.7870136709715202, 0.78087505292349]","[0.9983057929373024, 0.9994070030305927, 0.9996558251538868, 0.9995789815846244, 0.9995735229481388]","[2.6486042396387766, 2.6969631055185523, 2.7362553001987293, 2.7550677131280064, 2.692206729993535]",0.9319594516937908,0.7745557408708201,0.999304225130909,2.70581941769552,0.03711887303964697
99,1.9374477006301374,l1,0.7623700057792566,"[0.8787049549146235, 0.9392917849143697, 0.9409756393379745, 0.9694890129296151, 0.9487817226160289]","[0.762249981825093, 0.8105886857110416, 0.7959120663148382, 0.773011354303951, 0.793455674841534]","[0.9983130708383804, 0.999617526555557, 0.9995536534252342, 0.9994369983827043, 0.999669766269469]","[2.6392680075780968, 2.7494979971809683, 2.736441359078047, 2.74193736561627, 2.741907163727032]",0.9354486229425223,0.7870435525992916,0.9993182030942689,2.7218103786360826,0.04147984861386768
