trial_number,param_hidden_layer_sizes,param_activation,param_learning_rate_init,param_batch_size,param_alpha,cv_bal_accs,cv_macro_f1s,cv_macro_aucs,cv_total_scores,mean_bal_acc,mean_macro_f1,mean_macro_auc,mean_total_score,std_total_score
0,32,logistic,0.07155682161754869,64,0.05981221901152557,"[0.2650242702239493, 0.26599768430138515, 0.27071157402692725, 0.2802644207148503, 0.2744212956438519]","[0.2680467073655755, 0.27645549254933177, 0.2788488284146205, 0.2884539365684234, 0.2866940352979962]","[0.9811250309411595, 0.9695767956044257, 0.9839096123743692, 0.9838186856902023, 0.976871101189126]","[1.5141960085306843, 1.5120299724551427, 1.5334700148159168, 1.552537042973476, 1.5379864321309742]",0.2712838489821928,0.2796998000391895,0.9790602451598567,1.5300438941812389,0.015208029522742533
1,128,tanh,0.0007013219779945792,32,0.06823493012435795,"[0.4500093066507462, 0.4581016012564577, 0.4396363840566098, 0.4358318380151459, 0.4445059071236298]","[0.48355174136179985, 0.4853809236052602, 0.4657763119700914, 0.4688248144266553, 0.46633707526025747]","[0.9959769252326116, 0.9951152268144605, 0.9957806961782636, 0.994444481242576, 0.9951172540546582]","[1.9295379732451576, 1.9385977516761783, 1.9011933922049649, 1.8991011336843773, 1.9059602364385455]",0.4456170074205179,0.47397417332481284,0.995286916704514,1.9148780974498447,0.016082574068001627
2,128,logistic,0.002807908107885727,64,0.0020468963963126683,"[0.7743906385326317, 0.7711948917962256, 0.7886768639738301, 0.7674188240532912, 0.754824293756613]","[0.8012171121468556, 0.7802633593545647, 0.8127464535685965, 0.7869654267411101, 0.7822353503722929]","[0.9998308997458559, 0.9998392582118367, 0.9999300484776922, 0.9997638547794739, 0.9998516977640185]","[2.575438650425343, 2.5512975093626267, 2.6013533660201187, 2.5541481055738755, 2.5369113418929246]",0.7713011024225183,0.792685540436684,0.9998431517957755,2.5638297946549775,0.02244183734682555
3,16,logistic,0.00190891715848709,64,0.000304739361773639,"[0.8554151464709703, 0.7958683166968871, 0.8727497855485516, 0.8382234345319, 0.8293273372858233]","[0.8902764391130802, 0.8083848530878, 0.911165994326241, 0.8642084382158793, 0.8519761264806016]","[0.9998705657465566, 0.9998704933253538, 0.9999184668731931, 0.9997991253436354, 0.9999222428599752]","[2.745562151330607, 2.604123663110041, 2.7838342467479857, 2.7022309980914145, 2.6812257066264005]",0.8383168041068265,0.8652023702447205,0.9998761788297429,2.70339535318129,0.060985525930577364
4,16,tanh,6.114056485865795e-05,256,0.0001942205696972693,"[0.6981450935796397, 0.7136679122593482, 0.6854486524248827, 0.6654488066708126, 0.6396823028645741]","[0.7262868968699121, 0.7446944737974062, 0.7161921367680298, 0.6872172020694406, 0.6560880234387133]","[0.9996069068877715, 0.9996376789914997, 0.9996679210072208, 0.9993317379236377, 0.9993382969430972]","[2.4240388973373235, 2.458000065048254, 2.4013087102001336, 2.3519977466638906, 2.2951086232463846]",0.6804785535598514,0.7060957465887003,0.9995165083506455,2.386090808499197,0.057066063566303414
5,64,tanh,0.0001529539827781372,128,0.011951333297092363,"[0.7584505711413756, 0.7556014812607459, 0.7479450181664233, 0.7355265229093016, 0.7468405418772222]","[0.7915807930702976, 0.7768571574825742, 0.7752552995875805, 0.7619145025527188, 0.7759533073716146]","[0.999840571851058, 0.999842314673353, 0.9998894897872956, 0.9997232938705635, 0.9998660240432465]","[2.5498719360627313, 2.532300953416673, 2.5230898075412993, 2.4971643193325836, 2.522659873292083]",0.7488728270710137,0.7763122120129571,0.9998323388451034,2.525017377929074,0.017063796534157856
6,256,relu,3.366599461480363e-05,32,0.00011490069048873207,"[0.8606060686944074, 0.8695870281126962, 0.8194273577445186, 0.8634389902359372, 0.8564785676076433]","[0.8939273841647704, 0.8957654149278893, 0.8575138519510196, 0.8847042317290661, 0.8866252129297824]","[0.9999011445766602, 0.9998992312838275, 0.9999401835836053, 0.9998110617673759, 0.9999337561271032]","[2.754434597435838, 2.7652516743244133, 2.6768813932791433, 2.747954283732379, 2.743037536664529]",0.8539076024790406,0.8837072191405057,0.9998970754677143,2.737511897087261,0.031213801921152577
7,16,relu,0.002334359420826885,128,0.03461194599494401,"[0.7153397158166659, 0.7126130959690096, 0.7125028203433647, 0.7276105440108525, 0.7099674960724943]","[0.7467840753115087, 0.7408793683165275, 0.7455464877610828, 0.7602272550225306, 0.7392796197036837]","[0.9997933421037485, 0.9997177411384784, 0.9998422283957307, 0.9996654176404027, 0.9997857089266385]","[2.461917133231923, 2.4532102054240155, 2.457891536500178, 2.487503216673786, 2.4490328247028166]",0.7156067344424775,0.7465433612230666,0.9997608876409997,2.4619109833065442,0.013510506311445245
8,256,tanh,0.007961907345193564,64,0.006594466135702374,"[0.7208654110165442, 0.7510901002702258, 0.750107906824877, 0.7534503510481138, 0.772443244187907]","[0.7451972737200228, 0.7786805979287851, 0.7833514902493401, 0.7779716371398316, 0.7953231908460228]","[0.9997591662139982, 0.9997521492421242, 0.9998436625030963, 0.9996713964670937, 0.9998643940290738]","[2.465821850950565, 2.529522847441135, 2.5333030595773134, 2.531093384655039, 2.5676308290630034]",0.7495914026695335,0.7761048379768005,0.9997781536910771,2.5254743943374107,0.03299952104335386
9,64,relu,0.0019048450023136211,128,0.001969043480269282,"[0.9084256960615764, 0.8803232956177687, 0.8886671871406878, 0.831307386505408, 0.8728315358331397]","[0.9196043156802309, 0.9050845927794938, 0.9128556683716381, 0.8499352117318704, 0.9044054259986383]","[0.9998674847376927, 0.9998861521363704, 0.999941211941291, 0.9998051155858508, 0.9999240537647982]","[2.8278974964795003, 2.785294040533633, 2.801464067453617, 2.6810477138231295, 2.777161015596576]",0.8763110202317161,0.8983770429123744,0.9998848036332006,2.7745728667772913,0.049870330102809494
10,64,relu,0.034843021956505175,128,0.0009307008845920506,"[0.8462866005815985, 0.8729154265948033, 0.8296128373720723, 0.8584806143535793, 0.8647881362623742]","[0.8690277454918954, 0.9011765778522189, 0.8525026496763232, 0.8802656992885204, 0.8879590897059567]","[0.9994219949249217, 0.999868208566285, 0.9998645622258262, 0.9996365107843355, 0.9998389342027365]","[2.7147363409984155, 2.773960213013307, 2.6819800492742214, 2.738382824426435, 2.7525861601710675]",0.8544167230328854,0.8781863524029829,0.9997260421408211,2.732329117576689,0.03170071833635805
11,256,relu,2.424240121720433e-05,32,0.0006937168762902909,"[0.8315553245634156, 0.8014297205290056, 0.7934889148959944, 0.7877163243489211, 0.8078460675434412]","[0.8665621555332907, 0.8275764127547822, 0.8223398659934233, 0.8122916548640532, 0.8351117728787582]","[0.9998812975353286, 0.9998816893573296, 0.9999329187295076, 0.9998064546625531, 0.9999202182279118]","[2.697998777632035, 2.6288878226411176, 2.6157616996189255, 2.599814433875528, 2.642878058650111]",0.8044072703761556,0.8327763724048616,0.9998845157025261,2.637068158483543,0.03363039806716061
12,256,relu,0.00030831538549857363,32,0.0001072109298012303,"[0.9175937388468535, 0.9067932983874963, 0.8866538695787162, 0.8741873696064937, 0.9003008162907483]","[0.9377360248267336, 0.9329252365205498, 0.915809019915953, 0.8946034917858563, 0.9310014331889966]","[0.9999098413995701, 0.9999075064247981, 0.99995761220921, 0.9998175571975844, 0.9999442405074734]","[2.855239605073157, 2.8396260413328442, 2.802420501703879, 2.7686084185899342, 2.831246489987218]",0.8971058185420617,0.922415041247618,0.9999073515477273,2.8194282113374065,0.030665920791460233
13,64,relu,0.00031964072620991907,256,0.002817542509444354,"[0.8489637999072621, 0.8432661232128824, 0.8947152825641027, 0.8510638041569023, 0.8702170247940324]","[0.8803886586650278, 0.8691980815488293, 0.9276133168748594, 0.8767739764657543, 0.897020535423112]","[0.9998675574485927, 0.9998978032893242, 0.999946278341033, 0.9998130978054515, 0.9999420042145486]","[2.7292200160208826, 2.712362008051036, 2.822274877779995, 2.727650878428108, 2.767179564431693]",0.8616452069270364,0.8901989137955166,0.9998933482197898,2.7517374689423426,0.039627290615700035
14,32,relu,0.010111470277917554,32,0.0005018044255121654,"[0.8455980258100678, 0.9288849646631661, 0.8839251868806651, 0.8133370812703339, 0.8465605552998322]","[0.8649411222024169, 0.9412742952639576, 0.9174121865012669, 0.8266147141229488, 0.8744347974230601]","[0.9998674063411467, 0.9998751687152972, 0.99993939446953, 0.9997618637375144, 0.9999164133322348]","[2.7104065543536313, 2.8700344286424206, 2.801276767851462, 2.639713659130797, 2.720911766055127]",0.8636611627848131,0.88493542310273,0.9998720493191445,2.748468635206687,0.07950180987204727
15,256,relu,0.00041418885890508455,128,0.010945519557694287,"[0.7988477038661185, 0.7929931886363984, 0.8092033533270989, 0.768798963561161, 0.8148153716525438]","[0.8248489569328796, 0.8182046703971502, 0.8439131818087074, 0.7909902575839225, 0.8369249474269548]","[0.9998591757735349, 0.9998862850701687, 0.9999303413489494, 0.9997691028770579, 0.999899568705942]","[2.6235558365725327, 2.6110841441037174, 2.6530468764847557, 2.5595583240221416, 2.6516398877854406]",0.7969317162086641,0.8229764028299229,0.9998688947551306,2.6197770137937177,0.03417093087798247
16,64,relu,0.0001152508601676776,128,0.0012603429804155864,"[0.8056866597475174, 0.7970789801608302, 0.8141728262088064, 0.8425244173641206, 0.8478452573553173]","[0.8411539973132269, 0.8237000876118339, 0.850717440507244, 0.8659891811576093, 0.8713067102236183]","[0.9998641662860988, 0.9998888089368889, 0.9999290597160363, 0.9997801388648314, 0.9999278329351565]","[2.646704823346843, 2.620667876709553, 2.6648193264320867, 2.7082937373865614, 2.719079800514092]",0.8214616281673184,0.8505734833627064,0.9998780013478024,2.671913112877827,0.037040788758827485
17,64,relu,1.1421587868408375e-05,32,0.00011008127601017285,"[0.7333290293417164, 0.7246412156126838, 0.728442373242623, 0.7162817166936922, 0.6887389686312809]","[0.7592961292382188, 0.7532907866228058, 0.757795354791891, 0.7461196668806102, 0.7255008775567933]","[0.9998471771789593, 0.9998316217245686, 0.9998576313512298, 0.9996674804255737, 0.9997888290284361]","[2.4924723357588947, 2.4777636239600582, 2.486095359385744, 2.462068863999876, 2.4140286752165103]",0.7182866607043993,0.7484005630180638,0.9997985479417535,2.4664857716642166,0.028136394358556964
18,256,relu,0.007286994211307003,256,0.00575826805046607,"[0.8482022106658988, 0.8928814095615333, 0.8830970914641886, 0.8685664387822747, 0.8434599880190461]","[0.8730972388442734, 0.9033276396176098, 0.9046606787412579, 0.8865392766686513, 0.8689318764684457]","[0.9998954178994259, 0.9998514133770934, 0.9999367290131079, 0.9997721507623569, 0.9999087411730888]","[2.721194867409598, 2.7960604625562366, 2.7876944992185546, 2.754877866213283, 2.7123006056605807]",0.8672414276985883,0.8873113420680475,0.9998728904450147,2.7544256602116506,0.03382094829123369
19,128,logistic,0.0010306343910760594,32,0.0003041944899853819,"[0.8247822243569278, 0.8043611634736553, 0.8624877550378223, 0.833844236550122, 0.8591396159863585]","[0.8561732960115205, 0.829988162473358, 0.9003841790663852, 0.8674105313488297, 0.8873533322559747]","[0.9998637096557327, 0.9998698230340782, 0.9999348842779311, 0.999770382263528, 0.9999181373108561]","[2.680819230024181, 2.6342191489810913, 2.7628068183821384, 2.7010251501624793, 2.746411085553189]",0.8369229990809772,0.8682619002312137,0.9998713873084253,2.705056286620616,0.04618858810584282
20,32,relu,0.00023097522400954807,128,0.0261251535295418,"[0.7227474034780773, 0.725248256782454, 0.7060811076060283, 0.7091765566469089, 0.7166174257551704]","[0.7522413246773154, 0.7541848246482863, 0.7375553567405262, 0.7413452285351626, 0.7471856901632311]","[0.9997987866842696, 0.9997335426300262, 0.9997573894716311, 0.9996345274424008, 0.9997931352907016]","[2.474787514839662, 2.4791666240607664, 2.4433938538181854, 2.4501563126244723, 2.463596251209103]",0.7159741500537278,0.7465024849529043,0.9997434763038058,2.462220111310438,0.013762128445732503
21,256,relu,0.006370301662191793,256,0.004716899324372057,"[0.8913670102264172, 0.855502251567425, 0.8847510497171401, 0.8609871862410562, 0.8689423962147867]","[0.9168536202167422, 0.8801114706395563, 0.9055297931905169, 0.8758536913880356, 0.9027246782023824]","[0.9998596432507196, 0.9999076751732384, 0.9999456926409941, 0.9997706616510983, 0.9999130059786439]","[2.808080273693879, 2.7355213973802197, 2.7902265355486513, 2.73661153928019, 2.771580080395813]",0.872309978793365,0.8962146507274467,0.9998793357389388,2.7684039652597505,0.028818547334483777
22,256,relu,0.023588928230302512,256,0.00162260926287332,"[0.859874114936386, 0.916234008748058, 0.8814267307683895, 0.853887485425894, 0.8856858452733818]","[0.8903448600022571, 0.9339233193890505, 0.9096693629970944, 0.8776683652806031, 0.921196215135632]","[0.9998370612013668, 0.9998862527163938, 0.999913697817408, 0.9998132341474608, 0.9999011723729258]","[2.75005603614001, 2.850043580853502, 2.791009791582892, 2.7313690848539576, 2.8067832327819393]",0.8794216370304218,0.9065604245609273,0.9998702836511111,2.78585234524246,0.042035740609953784
23,256,relu,0.026760498044578012,256,0.0018675731689339527,"[0.9121236403524392, 0.8720406192540823, 0.8747462777150352, 0.8319323161967666, 0.8515375560721161]","[0.9207524292015232, 0.8944161202529053, 0.8958548638442578, 0.8638575816855112, 0.8834616768182009]","[0.9998927783396206, 0.9999003832175777, 0.9999172873816177, 0.9997968379520049, 0.9999116818576682]","[2.832768847893583, 2.766357122724565, 2.770518428940911, 2.695586735834283, 2.734910914747985]",0.8684760819180879,0.8916685343604798,0.9998837937496978,2.7600284100282653,0.045221416041730494
24,256,relu,0.01883199390588585,256,0.00043183841502846763,"[0.8727031482552898, 0.8882878952830563, 0.8855938894649716, 0.8680192924622538, 0.8822674783491726]","[0.8924890948125643, 0.906282379409844, 0.8881248137018585, 0.879614898773853, 0.9160616140467025]","[0.9998489480472113, 0.9998546729732672, 0.9999088938098666, 0.9998048180809416, 0.999867464547884]","[2.765041191115065, 2.7944249476661676, 2.773627596976697, 2.7474390093170484, 2.7981965569437595]",0.8793743407629488,0.8965145601489644,0.9998569594918341,2.7757458604037475,0.01883240228467841
25,256,relu,0.0185007884503304,256,0.0004087542908064149,"[0.8582780658725053, 0.9186423635742268, 0.8883246423811128, 0.8577518126010416, 0.9022374310624687]","[0.8855630905731722, 0.9389675107698949, 0.9197614181380912, 0.8776634500750008, 0.928209556964493]","[0.9998795962976138, 0.9998669372393669, 0.9999077090833876, 0.999834423445272, 0.9998924662845394]","[2.7437207527432914, 2.8574768115834885, 2.8079937696025916, 2.7352496861213145, 2.8303394543115012]",0.8850468630982709,0.9100330053041304,0.999876226470036,2.794956094872437,0.04800149713222205
26,256,relu,0.09359264529967798,256,0.00016269123000881906,"[0.8528571147896862, 0.8419384982863599, 0.8326623060249569, 0.8083971769324017, 0.8445362243987989]","[0.8746798199287182, 0.859409879905637, 0.8504561857678294, 0.8335052381964789, 0.8790088606974082]","[0.9991113487931941, 0.9993445315948948, 0.9994261017531595, 0.9992238612329607, 0.9978036042949028]","[2.7266482835115986, 2.7006929097868917, 2.6825445935459458, 2.6411262763618413, 2.72134868939111]",0.8360782640864407,0.8594119968992144,0.9989818895338225,2.694472150519478,0.03093347257230379
27,256,relu,0.044879914506383865,256,0.00023752728857895163,"[0.854923878171688, 0.8514046564901365, 0.877275072650079, 0.858927488635917, 0.8883740154866914]","[0.8634280686304624, 0.8655707062534961, 0.8812651662952058, 0.8723601719576918, 0.9204228184405221]","[0.9997451661633586, 0.9994003237420741, 0.9997248883358801, 0.9996778845527912, 0.9998038694881858]","[2.718097112965509, 2.7163756864857067, 2.758265127281165, 2.7309655451464, 2.8086007034153995]",0.8661810222869024,0.8806093863154757,0.999670426456458,2.746460835058836,0.03449760994436095
28,256,tanh,0.01954855448546564,256,0.0005940097390383569,"[0.9099443830542433, 0.8757052667165598, 0.894307479238939, 0.8649847203190534, 0.879906989316666]","[0.9180208664347619, 0.8970764766822187, 0.896985843889925, 0.8839435483921986, 0.8724728657436343]","[0.9998158326861855, 0.9998088950271938, 0.9998948773463273, 0.999696171166012, 0.9998388076515083]","[2.827781082175191, 2.772590638425972, 2.7911882004751916, 2.748624439877264, 2.7522186627118086]",0.8849697677290923,0.8936999202285477,0.9998109167754453,2.7784806047330854,0.02900962580692891
29,32,logistic,0.06241671647080943,256,0.0008791292265878657,"[0.8801700460404226, 0.8776012766023145, 0.853669109730932, 0.862790790357281, 0.8753647250199127]","[0.8972127237434536, 0.8919588140373023, 0.8768361864210646, 0.8767603660832576, 0.8955317772310031]","[0.9998484527937488, 0.9998409877153261, 0.999924146477989, 0.9997896442725485, 0.9998993821793819]","[2.7772312225776252, 2.7694010783549428, 2.7304294426299855, 2.7393408007130873, 2.7707958844302976]",0.8699191895501726,0.8876599735032162,0.9998605226877988,2.7574396857411876,0.018816433026575884
30,256,logistic,0.004147751327276759,32,0.00037547045274362805,"[0.8333029697773598, 0.8591453869744347, 0.8577077845484857, 0.8071299918106831, 0.8456612988304921]","[0.8577399997454478, 0.8928440385552272, 0.8885504277229275, 0.8491289849788957, 0.8655641364879999]","[0.9998736300694092, 0.9998850493033534, 0.9999366275643636, 0.9997739020100899, 0.9999007879245773]","[2.690916599592217, 2.751874474833015, 2.746194839835777, 2.6560328787996688, 2.7111262232430695]",0.840589486388291,0.8707655174980996,0.9998739993743587,2.71122900326075,0.03559179834954099
31,256,tanh,0.015787580407142864,256,0.000543518015549602,"[0.8475044454009768, 0.8741465983456022, 0.8812516328869815, 0.8089690783031375, 0.8764964966250405]","[0.8621278580992988, 0.878389212963803, 0.8950450775187226, 0.826675017116992, 0.9046670159356875]","[0.999863220680007, 0.9998408848209379, 0.9999031764775775, 0.9997080269387574, 0.9999034860563788]","[2.7094955241802827, 2.752376696130343, 2.7761998868832816, 2.6353521223588867, 2.781066998617107]",0.8576736503123475,0.8733808363269008,0.9998437589947317,2.73089824563398,0.054069593063035
32,256,tanh,0.0009122675064598252,256,0.001215427167424512,"[0.916095393953157, 0.9118376238670358, 0.8885804608558914, 0.8636968179099231, 0.898251086369048]","[0.9338544881177487, 0.9388521899934027, 0.9153601881358427, 0.8858545452771641, 0.9321280115744163]","[0.9999092257219797, 0.9999043470787367, 0.9999602282052978, 0.9997723788520118, 0.9999471294756591]","[2.849859107792885, 2.8505941609391754, 2.803900877197032, 2.749323742039099, 2.8303262274191234]",0.8956922765910111,0.9212098846197149,0.999898661866737,2.816800823077463,0.03778185147380461
33,128,tanh,0.0008584675108501941,256,0.001318805374384314,"[0.9088963362290039, 0.9116567375694964, 0.8950638778000759, 0.8649694347972648, 0.8811933106627272]","[0.9351975636791898, 0.9388501844592959, 0.9247939052315856, 0.884929409073003, 0.9053154060494495]","[0.9999066883047552, 0.9999032956382993, 0.9999599958401356, 0.9997603765263166, 0.9999445970952549]","[2.844000588212949, 2.8504102176670916, 2.8198177788717973, 2.7496592203965844, 2.7864533138074314]",0.8923559394117137,0.9178172936985047,0.9998949906809523,2.8100682237911707,0.037632027088836485
34,128,tanh,0.0009657161258735031,64,0.0010766867323991941,"[0.9063983938294087, 0.8859360199269181, 0.9004250070137441, 0.8721267870648668, 0.8794012785082588]","[0.9251332570004172, 0.9195558523941, 0.9284268116836462, 0.8913200383578558, 0.9028124830354177]","[0.9998931880679698, 0.9998900837713022, 0.9999568066204502, 0.9997446224501755, 0.9999335171436247]","[2.831424838897796, 2.80538195609232, 2.82880862531784, 2.7631914478728983, 2.7821472786873014]",0.8888574972686392,0.9134496884942873,0.9998836436107045,2.8021908293736315,0.026442440678108397
35,128,tanh,0.0008079234883824265,64,0.0036631388383917916,"[0.8240862488404674, 0.8151306840823446, 0.8125208762636776, 0.8249470142488642, 0.8216631285194118]","[0.8396342704934281, 0.8446416705207003, 0.8520140112036225, 0.8573035023790279, 0.8441645054771603]","[0.9998609213091204, 0.9998728260461516, 0.9999315285469603, 0.9997399783898302, 0.9998957006680727]","[2.663581440643016, 2.6596451806491963, 2.6644664160142604, 2.6819904950177222, 2.6657233346646447]",0.8196695903909532,0.8475515920147878,0.9998601909920269,2.667081373397768,0.007726715611157265
36,128,tanh,0.0012954275342828417,64,0.0010616082409183796,"[0.8801360155006234, 0.8988238038756127, 0.9098957584504102, 0.8513152594712841, 0.8827701543913001]","[0.9042208145421127, 0.9236797708047051, 0.9295349472099845, 0.8738062286503867, 0.9204749085221161]","[0.9998966123922648, 0.999899532647935, 0.9999482752210266, 0.9997959028738975, 0.9999313818176145]","[2.784253442435001, 2.8224031073282525, 2.8393789808814214, 2.7249173909955684, 2.803176444731031]",0.8845881983378462,0.910343333945861,0.9998943409905477,2.794825873274255,0.039532739514330825
37,128,tanh,0.0005370958081402403,64,0.002467282784450637,"[0.868888081342646, 0.8225710900593267, 0.8704094732384866, 0.8303051531240936, 0.8511037777126575]","[0.8959570895678951, 0.8539031895330944, 0.9097797346314267, 0.8621033353257255, 0.8789042655251292]","[0.9998838380452442, 0.9998760515768432, 0.9999460683254595, 0.9997582261234086, 0.9999216681816918]","[2.7647290089557854, 2.6763503311692642, 2.780135276195373, 2.6921667145732275, 2.7299297114194787]",0.848655515095442,0.8801295229166541,0.9998771704505295,2.7286622084626257,0.04005084504368365
38,128,tanh,0.00011764972941319022,64,0.0014515943368470972,"[0.8442387215156104, 0.8573533375685423, 0.86424734217192, 0.8399186475391512, 0.8428470518746147]","[0.8771724343390072, 0.8828447085930401, 0.9008351320235868, 0.870971501255691, 0.8676529603146479]","[0.9998822071694538, 0.9998799083118297, 0.9999430802357121, 0.9997902264292755, 0.999911706417809]","[2.7212933630240714, 2.740077954473412, 2.765025554431219, 2.7106803752241175, 2.7104117186070718]",0.8497210201339677,0.8798953473051945,0.999881425712816,2.7294977931519786,0.02078387725055879
39,128,tanh,0.0002489080996611487,64,0.09343531823802462,"[0.5450186914261298, 0.5658113945788578, 0.560302032590461, 0.5486425968316382, 0.5646285829143378]","[0.5825006554686668, 0.5956154590530554, 0.5917129133496577, 0.5850225244500741, 0.5959073654005254]","[0.99752006467329, 0.9969239981819564, 0.9974055941272592, 0.9961868276400095, 0.9969820989708902]","[2.1250394115680864, 2.1583508518138697, 2.1494205400673776, 2.129851948921722, 2.1575180472857536]",0.5568806596682849,0.5901517835443959,0.9970037167186809,2.1440361599313618,0.013983787256107405
40,16,tanh,0.0015034919778996766,32,0.00020229161914286657,"[0.9145851224650182, 0.886137921510467, 0.8914692270204969, 0.8622627639372964, 0.8731810705742572]","[0.9361368450777513, 0.9176893369011533, 0.9219976145912817, 0.8814803321134671, 0.9030889052346929]","[0.9998689724938695, 0.9998912222523353, 0.9999310173895343, 0.9998089701672052, 0.9999362951365057]","[2.850590940036639, 2.8037184806639557, 2.813397859001313, 2.7435520662179687, 2.776206270945456]",0.8855272211015072,0.9120786067836694,0.99988729548789,2.7974931233730667,0.035982944728096974
41,16,tanh,0.0013829907064798314,32,0.00016398252296416093,"[0.8616981907884288, 0.8860925293169265, 0.8914877670571655, 0.851281562668268, 0.8775917957190963]","[0.882832835655531, 0.9161738469619313, 0.9224771155886843, 0.8713455229568011, 0.9022208552329528]","[0.9998604838092906, 0.9998923930698536, 0.9999338290227696, 0.9997842630397165, 0.9999372269592004]","[2.7443915102532506, 2.8021587693487113, 2.813898711668619, 2.7224113486647856, 2.7797498779112493]",0.873630369109977,0.8990100352791801,0.9998816391801661,2.772522043569323,0.034481921105583985
42,16,tanh,0.003385203459373898,32,0.0002468216935665739,"[0.910976037170205, 0.9004241126182493, 0.9165247123047717, 0.8686367210218761, 0.8729978379725154]","[0.9187997003788709, 0.9292564810261293, 0.9387587458682143, 0.890741509042119, 0.9000129325484187]","[0.9998851684989503, 0.9998822364403136, 0.999922406366553, 0.9997887566731173, 0.9999304680159042]","[2.8296609060480264, 2.8295628300846922, 2.8552058645395393, 2.7591669867371125, 2.7729412385368386]",0.8939118842175235,0.9155138737727505,0.9998818071989677,2.809307565189242,0.03679069296724835
43,16,tanh,0.0025601991607787675,32,0.00010426308388811825,"[0.9130208446112899, 0.8900620085047831, 0.8966853300515066, 0.8701139443396845, 0.8731555328068308]","[0.9199301839231703, 0.9086619389473815, 0.9268288707210462, 0.8892799060419343, 0.9001170235221716]","[0.9998867165851388, 0.9998911499899122, 0.9999261731121133, 0.9997869187785571, 0.9999409225303597]","[2.832837745119599, 2.798615097442077, 2.823440373884666, 2.7591807691601757, 2.773213478859362]",0.8886075320628191,0.9089635846311408,0.9998863761992162,2.7974574928931757,0.028217342882415668
44,128,tanh,0.0006204133151770655,32,0.0007592464183880242,"[0.8519800806426266, 0.893942594363019, 0.8999808934919037, 0.8418779679909969, 0.8564722496492684]","[0.8694854824870515, 0.9276732682202028, 0.9262485595329265, 0.8723268904926598, 0.8796483039809858]","[0.9998811813893075, 0.9998895134841588, 0.9999465964335391, 0.9997708007149707, 0.9999220857089255]","[2.7213467445189856, 2.8215053760673805, 2.826176049458369, 2.7139756591986273, 2.7360426393391797]",0.8688507572275629,0.8950765009427653,0.9998820355461803,2.7638092937165086,0.04954976579021815
45,16,tanh,0.003569211226215399,64,0.00028108828686439083,"[0.9119662615308202, 0.8909740165508993, 0.8929661736592717, 0.8631232886494135, 0.8716642295465062]","[0.9196802324288724, 0.9093289987478401, 0.9226135430448332, 0.8812276784559003, 0.8951199863138697]","[0.999878345264693, 0.9998935841055693, 0.9999265210816378, 0.9997587680175722, 0.9999318973220827]","[2.8315248392243855, 2.8001965994043085, 2.8155062377857427, 2.744109735122886, 2.7667161131824587]",0.8861387939873822,0.9055940877982632,0.999877823158311,2.791610704943956,0.03198104132684608
46,128,tanh,0.000485157601965855,32,0.00014458026855334875,"[0.9018561877221978, 0.8952199846864316, 0.9180356827323988, 0.8712687520142017, 0.8849060905544675]","[0.9307265771492784, 0.9216529569610266, 0.937995729087487, 0.8921604432816546, 0.9006424499772762]","[0.9998970249707467, 0.9999097742684698, 0.9999598836524486, 0.9997864911028236, 0.9999432465888242]","[2.832479789842223, 2.816782715915928, 2.855991295472334, 2.76321568639868, 2.7854917871205678]",0.8942573395419394,0.9166356312913445,0.9998992841166625,2.8107922549499467,0.03302372360571078
47,16,tanh,7.128604918014162e-05,32,0.0001463706197557944,"[0.7484206511290837, 0.7606604232639826, 0.6824426055624163, 0.6990929648543035, 0.7436913393045127]","[0.7763272795876027, 0.785390765346918, 0.7121013459834983, 0.7298577078436982, 0.7716727525727012]","[0.9998216090242704, 0.9998472875442552, 0.9996840309609795, 0.9994369036653373, 0.9998477885440141]","[2.524569539740957, 2.5458984761551555, 2.394227982506894, 2.428387576363339, 2.515211880421228]",0.7268615968228598,0.7550699702668837,0.9997275239477714,2.481659091037515,0.059288865562136056
48,128,tanh,0.0003589134116962116,32,0.00022744234729932058,"[0.9191559814943817, 0.91419801879155, 0.88841238817234, 0.8721296368568894, 0.8794679080172783]","[0.9418075081435313, 0.9372026619736675, 0.9152826845260613, 0.8915272177129365, 0.9044156326581771]","[0.9999038939280882, 0.9999034354725367, 0.9999604004198307, 0.9997661843464514, 0.9999420915974632]","[2.860867383566001, 2.8513041162377544, 2.803655473118232, 2.7634230389162773, 2.7838256322729187]",0.8946727866664878,0.9180471410028748,0.999895201152874,2.8126151288222365,0.03782615520062461
49,128,tanh,0.0003723453375238456,32,0.00012768533068351222,"[0.9164137723793061, 0.8948633174861402, 0.8999688075352202, 0.8670815343344072, 0.8817036120006168]","[0.9300241721804509, 0.9226233338269704, 0.9284663644877191, 0.8857059375467705, 0.9059173521733956]","[0.9999035181391441, 0.9999097141990724, 0.9999621438651866, 0.9997937307163176, 0.999942683804838]","[2.846341462698901, 2.817396365512183, 2.8283973158881257, 2.7525812025974954, 2.7875636479788506]",0.8920062087471381,0.9145474320430613,0.9999023581449118,2.806455998935111,0.033019321117188534
50,128,logistic,0.0001752242230840345,32,0.010235997819416356,"[0.5536003358229612, 0.5707693340275607, 0.5772587645372431, 0.5547386681150782, 0.5759753744958671]","[0.586787618255616, 0.5984447898582534, 0.6030286620833637, 0.5889724770378001, 0.603005085164588]","[0.9979249823306471, 0.9977081473522204, 0.9980777556754057, 0.9973175805143419, 0.9974636111345394]","[2.138312936409224, 2.1669222712380347, 2.1783651822960124, 2.14102872566722, 2.176444070794995]",0.5664684953997421,0.5960477264799242,0.9976984154014309,2.1602146372810975,0.01723724372025451
51,128,tanh,0.0005152966472266084,32,0.00023011650083440557,"[0.8759882340816396, 0.9048243251958301, 0.9010145832549316, 0.8712687520142017, 0.8843312686612258]","[0.8991916090854655, 0.9257638190525568, 0.9274417725161207, 0.8921604432816546, 0.9055021360269943]","[0.9998984811393947, 0.9999104223522269, 0.9999585242175361, 0.9997857279866494, 0.9999406647899651]","[2.7750783243064996, 2.830498566600614, 2.828414879988588, 2.7632149232825056, 2.7897740694781854]",0.8874854326415658,0.9100119559925582,0.9998987640971544,2.7973961527312787,0.02750443349711006
52,128,tanh,0.0007376263991244495,32,0.0003369787089038597,"[0.8623406115064602, 0.8851758040447614, 0.9232146892333494, 0.8594985977236886, 0.8949569005047671]","[0.894624700996181, 0.9205093657845531, 0.9370229223825818, 0.8818259313796866, 0.9297802225215945]","[0.9998997225073721, 0.9998919409705366, 0.9999515981914152, 0.9997532550584586, 0.9999365040997023]","[2.7568650350100135, 2.805577110799851, 2.8601892098073463, 2.741077784161834, 2.8246736271260637]",0.8850373206026052,0.9127526286129193,0.9998866041654969,2.7976765533810215,0.04374492821041813
53,32,tanh,0.000313806939298264,32,0.0001781339931864477,"[0.8635361584377808, 0.8898233300345456, 0.8833910795274426, 0.8618132795058231, 0.8793196760135215]","[0.8898958247027593, 0.9232604598156547, 0.903132392868472, 0.8856055518764275, 0.9067919504887415]","[0.9998966432480614, 0.9998967753751485, 0.9999539541369665, 0.9998091169434883, 0.9999424306859913]","[2.753328626388601, 2.812980565225349, 2.786477426532881, 2.747227948325739, 2.786054057188254]",0.8755767047038227,0.901737235950411,0.9998997840779312,2.7772137247321647,0.0241366080360498
54,16,tanh,0.001840517655961946,32,0.0002690149336089085,"[0.9020743709888697, 0.8964905959916795, 0.8913399030347532, 0.8613212729274431, 0.8700646836386197]","[0.922433148179922, 0.9225571984113621, 0.9216016368350708, 0.8827187467038112, 0.9003957418020049]","[0.9998682857881575, 0.9998976980210046, 0.9999330525990697, 0.9997837405740594, 0.9999336716056644]","[2.824375804956949, 2.818945492424046, 2.8128745924688934, 2.7438237602053137, 2.770394097046289]",0.884258165316273,0.9099412943864342,0.9998832897175911,2.7940827494202978,0.031547034145189085
55,128,tanh,0.0001849583561432747,32,0.00013299524325008713,"[0.9058063770568665, 0.9105856202634891, 0.8937279546156787, 0.8600240607224932, 0.8828513858024181]","[0.9341943651575066, 0.9380765810685421, 0.9250579242725709, 0.8825913542407438, 0.9079872995892174]","[0.99990550451272, 0.9998905468742358, 0.9999599034750414, 0.9997901891634909, 0.9999415797527346]","[2.839906246727093, 2.848552748206267, 2.818745782363291, 2.742405604126728, 2.79078026514437]",0.8905990796921891,0.9175815048657162,0.9998975447556446,2.8080781293135493,0.03841124659112168
56,64,tanh,0.0004396099969002499,32,0.00010060869123160984,"[0.9160614566830886, 0.90722693246643, 0.8910828392551388, 0.8721092145447246, 0.885730068200776]","[0.9437693231475328, 0.9383156205296147, 0.9175511068306951, 0.8937832001866761, 0.9065802508588352]","[0.999887494167099, 0.9999092022845691, 0.9999623447372535, 0.9997949414032269, 0.9999471125902185]","[2.8597182739977205, 2.845451755280614, 2.8085962908230875, 2.765687356134628, 2.79225743164983]",0.8944421022300316,0.9199999003106708,0.9999002190364734,2.8143422215771756,0.03439429841737027
57,64,tanh,7.614847300324266e-05,32,0.00011165417702866226,"[0.8490229192898009, 0.806328592307912, 0.8865782064038515, 0.8566265580350951, 0.8578618273991058]","[0.8853305670839466, 0.8328860797916093, 0.9209185909118678, 0.8821150398917794, 0.8852322593926979]","[0.9998711491923679, 0.9998679061187056, 0.9999444815678493, 0.9997993650013832, 0.9999239805941665]","[2.7342246355661155, 2.639082578218227, 2.8074412788835685, 2.7385409629282575, 2.7430180673859703]",0.851283620687153,0.8812965074143803,0.9998813764948945,2.7324615045964276,0.05383883339384377
58,64,tanh,0.00048008045853512363,128,0.00017532671310235723,"[0.9214131677245847, 0.8665969724700793, 0.8918775952191238, 0.8706273145806928, 0.8842180257300953]","[0.9424404037689872, 0.8957788771469928, 0.9230833010794867, 0.8903408530958137, 0.9058244794843514]","[0.9998911420001981, 0.9998940163567656, 0.999961132514917, 0.9998076189310088, 0.9999500969831066]","[2.86374471349377, 2.7622698659738374, 2.8149220288135277, 2.7607757866075153, 2.7899926021975534]",0.8869466151449151,0.9114935829151264,0.9999008013571992,2.798340999417241,0.03830024534729344
59,64,logistic,0.00025763027290561684,256,0.0001013670006034914,"[0.7390924916996299, 0.7598338343293498, 0.7164831706110101, 0.7314735168913422, 0.7457419493487246]","[0.766125977495119, 0.7790054166794138, 0.7469378623855749, 0.759746925725297, 0.7739884925262419]","[0.9998578775050022, 0.9998665865282923, 0.9998278155663742, 0.999672084299935, 0.9998672370466402]","[2.5050763466997514, 2.538705837537056, 2.463248848562959, 2.490892526916574, 2.5195976789216066]",0.7385249925760113,0.7651609349623294,0.9998183201892488,2.5035042477275895,0.025613178684448713
60,64,tanh,4.3697390976477924e-05,32,0.0034445476260633765,"[0.732253919269481, 0.7388467406727944, 0.7425287998248693, 0.7290693751272684, 0.7322164298513332]","[0.7585192852609347, 0.7630164151323232, 0.7698254920175289, 0.7583870540179793, 0.760711971422417]","[0.9998217333959901, 0.9998267065141876, 0.9998688165050313, 0.9996972133634594, 0.9998084544150629]","[2.4905949379264056, 2.501689862319305, 2.5122231083474293, 2.487153642508707, 2.492736855688813]",0.7349830529491491,0.7620920435702366,0.9998045848387462,2.496879681358132,0.009053346661700901
61,128,tanh,0.0008569780482605773,32,0.00021174417931575697,"[0.8756312192553826, 0.9022103006967371, 0.9235670918205634, 0.8635998817964254, 0.9047765159662454]","[0.8961498894364988, 0.9293555149536253, 0.9387537547021183, 0.885605637319353, 0.9332593010375331]","[0.9998993855055204, 0.9999046349215309, 0.9999524044832055, 0.9997517240488424, 0.9999340981561663]","[2.7716804941974016, 2.8314704505718935, 2.8622732510058873, 2.7489572431646208, 2.837969915159945]",0.8939570019070707,0.9166248194898257,0.9998884494230531,2.8104702708199496,0.04282355913825301
62,128,tanh,0.0010177555551568636,32,0.0002045410104169614,"[0.9165934875032339, 0.9022275369658023, 0.9257343549416384, 0.8547735379573173, 0.9003327085581647]","[0.9373147671571834, 0.9292313102795025, 0.9406238120742423, 0.8780268693698448, 0.9282804348590687]","[0.999900501620682, 0.9999056064618288, 0.9999509025638547, 0.999751020334701, 0.9999396225883322]","[2.8538087562810994, 2.8313644537071334, 2.866309069579735, 2.7325514276618628, 2.828552766005566]",0.8999323251852314,0.9226954387479683,0.9998895307138798,2.822517294647079,0.04712840222901773
63,128,tanh,0.00034945660258161134,32,0.00021161393903769088,"[0.9009523527838749, 0.8948696900196121, 0.8884141642682866, 0.8721388439002776, 0.8794649487807612]","[0.9255279742651534, 0.9266029375092577, 0.9152750281412807, 0.891542622537153, 0.9044087656224827]","[0.9999023292935872, 0.9999062460524692, 0.9999604282871527, 0.9997673536970015, 0.9999425791066695]","[2.8263826563426155, 2.821378873581339, 2.80364962069672, 2.763448820134432, 2.7838162935099136]",0.8871679999505625,0.9126714656150655,0.9998957872873759,2.799735252853004,0.02351157660639763
64,128,tanh,0.00012077743443211817,32,0.00013987584773453917,"[0.8591133218154411, 0.8720104323505731, 0.8924615505836546, 0.8531043162684339, 0.8810678930148774]","[0.8901702534135515, 0.8972819877768359, 0.9235511236612229, 0.8743906213050616, 0.9039715103528443]","[0.9999011399149019, 0.9998868698037197, 0.9999553002533313, 0.9998016475294739, 0.9999356833523039]","[2.7491847151438944, 2.7691792899311287, 2.815967974498209, 2.727296585102969, 2.7849750867200256]",0.871551502806596,0.8978730993019031,0.9998961281707462,2.7693207302792455,0.030306871027866018
65,128,tanh,0.001199254396144645,32,0.0004362379926445783,"[0.9167609302997594, 0.889512761773003, 0.8950897095984536, 0.8476522368613046, 0.8989255605807419]","[0.9401823489641029, 0.9211621815727942, 0.9245244528127412, 0.8713681644813919, 0.9304543368147488]","[0.9998924233774344, 0.999896347820106, 0.9999558236482148, 0.9997476956754819, 0.999936718997017]","[2.8568357026412965, 2.8105712911659033, 2.8195699860594097, 2.7187680970181782, 2.8293166163925076]",0.8895882398226526,0.9175382969291558,0.9998858019036507,2.807012338655459,0.046770194007870004
66,256,tanh,0.0006477166199886055,32,0.0001872254588139596,"[0.8771741011799778, 0.8879477011634, 0.8973557314344113, 0.8668849906022864, 0.8927413739720503]","[0.905615623738575, 0.921714157838255, 0.9247280413362765, 0.8862605990711923, 0.9276738287977065]","[0.9998940535674395, 0.9998935779136724, 0.9999598541627903, 0.9997456994952358, 0.9999398509921137]","[2.7826837784859926, 2.8095554369153275, 2.8220436269334783, 2.7528912891687147, 2.8203550537618707]",0.8844207796704252,0.9131984501564011,0.9998866072262503,2.797505837053077,0.026380045475141334
67,64,logistic,0.00041548648377287914,32,0.00034294928333486143,"[0.7863457053076501, 0.7617644524583348, 0.7655599584076325, 0.7692786654138949, 0.8100227904789844]","[0.812462982947114, 0.7792650407031284, 0.7888295442094153, 0.7891344404865659, 0.8337556477139759]","[0.9998564978388039, 0.9998699943806579, 0.9999252585145214, 0.9997849143946376, 0.9999113127667312]","[2.598665186093568, 2.540899487542121, 2.554314761131569, 2.558198020295098, 2.6436897509596915]",0.7785943144132994,0.8006895312120399,0.9998695955790705,2.5791534412044093,0.03759015331039012
68,32,tanh,0.0009863294678372318,32,0.00012986548812073166,"[0.9104455479464295, 0.9112752275678255, 0.8979086229857927, 0.8751115608318019, 0.8765721223721274]","[0.9278671014810533, 0.936874096824978, 0.9263053211645988, 0.8963367075869243, 0.8956168124142656]","[0.9998989637971593, 0.9999028520172811, 0.9999485662918053, 0.9997913322944555, 0.9999459413261075]","[2.838211613224642, 2.848052176410085, 2.824162510442197, 2.771239600713182, 2.7721348761125006]",0.8942626163407954,0.9166000078943639,0.9998975311453618,2.8107601553805215,0.03279538666087933
69,32,tanh,0.002314468073850844,128,0.00012468071964132505,"[0.9135662200722726, 0.9092029116241876, 0.898008559278719, 0.8645423414380282, 0.886003767461209]","[0.9324755955632014, 0.9356677554724859, 0.9258340472466411, 0.8869847806780539, 0.9049966094123247]","[0.9999005240711984, 0.9999076084854408, 0.9999508484452768, 0.9997827284749015, 0.9999465819880032]","[2.8459423397066725, 2.8447782755821143, 2.823793454970637, 2.7513098505909834, 2.7909469588615368]",0.8942647599748833,0.9171917576745414,0.9998976582929642,2.811354175942389,0.03602783004274407
70,32,relu,0.0019565540630513416,128,0.024136259010256053,"[0.7535348293829459, 0.7514058553269876, 0.7475497111603768, 0.754093338970166, 0.7447930403804125]","[0.7743067208243892, 0.7774320033580381, 0.7702546965010504, 0.7805490909715429, 0.7876197031512271]","[0.9998398448243198, 0.9997972331300123, 0.9998716331804203, 0.9997186731037901, 0.9997914742429477]","[2.527681395031655, 2.5286350918150378, 2.5176760408418475, 2.534361103045499, 2.5322042177745874]",0.7502753550441777,0.7780324429612495,0.999803771696298,2.528111569701726,0.0057474485382381585
71,32,tanh,0.001059128503044501,128,0.00011814131792592205,"[0.8626871237084519, 0.8978833674751763, 0.896363960298834, 0.8580107207047759, 0.8873757691976942]","[0.8902187731706487, 0.9280244025934195, 0.9240395661011505, 0.8822470085402755, 0.9076159159403929]","[0.9999012407158792, 0.9999076501716213, 0.9999516465984232, 0.9998184133941186, 0.9999508332270333]","[2.7528071375949796, 2.8258154202402173, 2.8203551729984078, 2.74007614263917, 2.7949425183651204]",0.8804641882769865,0.9064291332691774,0.999905956821415,2.786799278367579,0.034793927042971795
72,32,tanh,0.0016530106040878007,128,0.00014667208687533072,"[0.9067634096904933, 0.9231205014199176, 0.896032334228975, 0.8708756591045078, 0.8844462571558819]","[0.9329160185673925, 0.9471220020851356, 0.9241100341925406, 0.8924712694915266, 0.9017123632916679]","[0.9999004936298597, 0.9999064618758792, 0.9999499996000903, 0.9997887623113304, 0.9999477998067364]","[2.8395799218877453, 2.8701489653809324, 2.820092368021606, 2.7631356909073648, 2.7861064202542862]",0.8962476323199551,0.9196663375256525,0.9998987034447792,2.815812673290387,0.03792876605811533
73,32,tanh,0.0020776223269502497,128,0.0001506072262301465,"[0.9135691799657164, 0.9179405435529424, 0.9319347648961183, 0.8645393828581466, 0.8721025244980399]","[0.9328613346072239, 0.9424500130759276, 0.9495016812641894, 0.8869779003767673, 0.8977927181257485]","[0.9998986834282959, 0.9998990120382216, 0.99994972130932, 0.9997806880391447, 0.999942416494242]","[2.846329198001236, 2.8602895686670915, 2.8813861674696275, 2.7512979712740586, 2.7698376591180303]",0.9000172791541926,0.9219167294899714,0.9998941042618448,2.821828112906009,0.05158344070961371
74,32,tanh,0.00447105953578209,128,0.00016734723806829837,"[0.9039456680183042, 0.9208812300133177, 0.9307003444839538, 0.8585295452748245, 0.9036258451272574]","[0.9119287425337705, 0.944349454705101, 0.9394587105436163, 0.880571628195418, 0.9214482572488898]","[0.9999107706160518, 0.9999120097960581, 0.9999385959991207, 0.9997808734662519, 0.999938436906818]","[2.8157851811681267, 2.8651426945144767, 2.8700976510266907, 2.738882046936494, 2.825012539282965]",0.9035365265835313,0.9195513586453592,0.9998961373568601,2.822984022585751,0.04717229718705679
75,32,tanh,0.01062709312326395,128,0.00030997311358654084,"[0.880500950034845, 0.9224401059000616, 0.8876416780476959, 0.8647970142729755, 0.8975550000318069]","[0.9001227523929687, 0.9406563511855407, 0.9184970863719542, 0.8867382141119288, 0.9177424985815673]","[0.9999135986830597, 0.9999113632359535, 0.9999298404391329, 0.9997175821792316, 0.999928809736882]","[2.7805373011108734, 2.863007820321556, 2.806068604858783, 2.751252810564136, 2.8152263083502564]",0.890586949657477,0.9127513805287919,0.9998802388548519,2.803218569041121,0.0372610870618804
76,32,relu,0.001708068192503355,128,0.0001627321011524506,"[0.8526656539614897, 0.9055063178603663, 0.9177892888056909, 0.8611631098341764, 0.8695259847024792]","[0.8818554202662651, 0.9341083357969283, 0.939186058280386, 0.8830697021586547, 0.8916846520065732]","[0.9999035818144777, 0.9999145603182348, 0.9999457157834057, 0.99981879555033, 0.9999497851052402]","[2.7344246560422327, 2.8395292139755295, 2.8569210628694828, 2.744051607543161, 2.7611604218142927]",0.8813300710328406,0.9059808337017614,0.9999064877143378,2.78721739244894,0.05084181755999747
77,32,tanh,0.004403450739059198,128,0.0006136707068624927,"[0.8731350904545815, 0.9182496753641797, 0.9311018407801422, 0.8709039636414082, 0.8890282588015751]","[0.8982620598894272, 0.9440044394649124, 0.9517948585123649, 0.8923157126639228, 0.8989920038128579]","[0.9999065445915023, 0.9999075372943865, 0.999938275948994, 0.9998020898782485, 0.9999312347810584]","[2.771303694935511, 2.8621616521234787, 2.8828349752415012, 2.76302176618358, 2.7879514973954915]",0.8964837658083773,0.917073814868697,0.999897136498838,2.8134547171759126,0.04930839920765719
78,32,tanh,0.0048403091172908265,128,0.0006194690895228136,"[0.918909492288661, 0.9152815388293988, 0.9225437170079951, 0.870863802998838, 0.8956949254682418]","[0.9327143822333439, 0.9424443411830756, 0.9446073006103518, 0.8922930064930042, 0.9164692504930366]","[0.9998914472279964, 0.9999085137116598, 0.9999478753278652, 0.9998092070981706, 0.9999307371979101]","[2.8515153217500013, 2.857634393724134, 2.8670988929462125, 2.762966016590013, 2.812094913159189]",0.9046586953186271,0.9257056562025625,0.9998975561127204,2.83026190763391,0.038514155145569495
79,32,tanh,0.00545995498927698,128,0.000509366649098553,"[0.8817929069518093, 0.9149137498172591, 0.936388339790955, 0.8591478375366521, 0.8571549310114015]","[0.899864441052727, 0.9422346978168602, 0.9466319947683026, 0.879902409327024, 0.8794706135789809]","[0.9998981171220162, 0.999908901912675, 0.999934975219871, 0.9997626024961754, 0.9999288289795306]","[2.7815554651265524, 2.8570573495467944, 2.8829553097791285, 2.7388128493598516, 2.736554373569913]",0.8898795530216154,0.9096208313087789,0.9998866851460537,2.799387069476448,0.06040639357218226
80,32,relu,0.011255653416263535,128,0.0007495044026958235,"[0.8723116469580573, 0.8975081641193325, 0.8674920794405321, 0.8694678234420082, 0.8539873172821121]","[0.8978611745145905, 0.9219047474696356, 0.8972947510994875, 0.8914171537733929, 0.8613166198795024]","[0.9998874939093515, 0.9998522576668921, 0.9999312355635307, 0.9997990717045123, 0.9999176293949995]","[2.770060315381999, 2.81926516925586, 2.7647180661035504, 2.7606840489199134, 2.715221566556614]",0.8721534062484084,0.8939588893473218,0.9998775376478573,2.7659898332435873,0.03305152309170381
81,32,tanh,0.0042054792053858306,128,0.0006795963334161043,"[0.8657870810131414, 0.9182103810200084, 0.9260972388473305, 0.8709039636414082, 0.8541300887263589]","[0.8867911531090381, 0.9439808281325017, 0.9478256442938835, 0.8923157126639228, 0.8781181878374279]","[0.9998887207072561, 0.9999075306432765, 0.999938251979373, 0.9998009352599442, 0.9999351206690039]","[2.7524669548294356, 2.862098739795787, 2.873861135120587, 2.7630206115652753, 2.7321833972327907]",0.8870257506496495,0.9098063052073548,0.9998941118517708,2.796726167708775,0.05913389559169891
82,32,tanh,0.005420949330330386,128,0.0009628998797556997,"[0.8805483352707573, 0.8957557272475181, 0.9178924303500107, 0.8706174348422612, 0.8848892609399366]","[0.8997954771726753, 0.9227069243387571, 0.9411591407327806, 0.8920019438890907, 0.9014966051169013]","[0.9998951421924318, 0.9999071533738533, 0.9999468164491909, 0.9997971453765022, 0.9999319597951104]","[2.7802389546358643, 2.8183698049601285, 2.858998387531982, 2.762416524107854, 2.786317825851948]",0.8899406377300967,0.911432018250041,0.9998956434374178,2.8012682994175555,0.0340600499471766
83,32,tanh,0.002973810499710648,128,0.0018760910546106486,"[0.8569402422437394, 0.9099290439190258, 0.8919618970335614, 0.8416441409024344, 0.8857519943009785]","[0.8780848279966798, 0.9391991037419344, 0.9235297220828046, 0.8634991387866675, 0.9022548896578401]","[0.9998847049335184, 0.9999028554037744, 0.9999385358406311, 0.999779679263761, 0.9999305329215032]","[2.7349097751739375, 2.849031003064735, 2.815430154956997, 2.7049229589528627, 2.7879374168803217]",0.8772454636799478,0.9013135364531852,0.9998872616726378,2.778446261805771,0.052423654596965345
84,32,tanh,0.004338094088575497,128,0.0023471868076707938,"[0.8695333263043749, 0.9066220211460205, 0.8933855818001649, 0.8697578245462089, 0.875355055484152]","[0.8897298485275911, 0.9371713676601123, 0.924744794768142, 0.8908086260744406, 0.894847080439606]","[0.9998817476474231, 0.9999036430740942, 0.9999341265119887, 0.9997855763846859, 0.9999240664301694]","[2.759144922479389, 2.843697031880227, 2.8180645030802953, 2.7603520270053354, 2.7701262023539277]",0.8829307618561841,0.9074603434939783,0.9998858320096723,2.7902769373598355,0.03434125809796715
85,32,tanh,0.008464437279749144,128,0.00044691760571793617,"[0.8718868055211721, 0.9228852606666438, 0.8742784329062522, 0.8810602672116324, 0.8977890104918697]","[0.8916896595617516, 0.9408287777956785, 0.898931923741921, 0.9005151289105271, 0.919753629427816]","[0.9998909507750221, 0.9998872464554477, 0.9999342006989217, 0.99975856422796, 0.9999330114538085]","[2.7634674158579458, 2.86360128491777, 2.773144557347095, 2.7813339603501195, 2.817475651373494]",0.8895799553595142,0.9103438238875388,0.9998807947222319,2.799804573969285,0.03675485387766493
86,256,tanh,0.0022973718385210255,128,0.0005790495009734068,"[0.9087681448859461, 0.9078137700121667, 0.9175077852817118, 0.8574408191560408, 0.8993941176717083]","[0.9236268599155505, 0.9327288006351376, 0.9374137596196703, 0.8741705923332733, 0.9314913469370488]","[0.9998961956993563, 0.9998922490103145, 0.9999578786112351, 0.9997749797703724, 0.9999343296687845]","[2.832291200500853, 2.840434819657619, 2.8548794235126174, 2.7313863912596865, 2.8308197942775415]",0.8981849274015147,0.9198862718881362,0.9998911265520126,2.8179623258416635,0.04412234959989328
87,256,logistic,0.0025797857769532403,128,0.00010497408614653462,"[0.9131799550822588, 0.8875615992023264, 0.8963831449315872, 0.8569125162853409, 0.9017549926025932]","[0.9239071199186765, 0.9219627388054483, 0.916865180624402, 0.8755677639572648, 0.9323341633005815]","[0.9998947138715674, 0.9999033864066779, 0.999946358040275, 0.9996760959075442, 0.999941577707325]","[2.8369817888725026, 2.8094277244144528, 2.8131946835962642, 2.73215637615015, 2.8340307336104997]",0.8911584416208214,0.9141273933212746,0.9998724263866778,2.805158261328774,0.03810103462773648
88,256,tanh,0.0021296114070736725,128,0.00028141758104386955,"[0.912167311321458, 0.9087874649900743, 0.9164842137812343, 0.8665983251697223, 0.891695696178829]","[0.9259138400855441, 0.930317542476204, 0.9368472379081476, 0.8833736591287642, 0.9266045716978033]","[0.9999006814329825, 0.9998855207715461, 0.9999577947701758, 0.9997485917773224, 0.9999292184282043]","[2.8379818328399846, 2.8389905282378245, 2.853289246459558, 2.749720576075809, 2.8182294863048365]",0.8991466022882637,0.9206113702592926,0.9998843614360462,2.8196423339836025,0.03669837305888749
89,256,tanh,0.003279639483894559,128,0.0002783851677130082,"[0.9125656687525844, 0.9102159404793579, 0.9160477474769907, 0.860267542836647, 0.9054238251489951]","[0.9261598063909073, 0.9374055059600943, 0.9371234773289021, 0.8763711070267348, 0.9349864433250906]","[0.9998894960338958, 0.9999116558001957, 0.9999512474764497, 0.9997735157289918, 0.9999354878041664]","[2.8386149711773876, 2.847533102239648, 2.8531224722823425, 2.7364121655923737, 2.840345756278252]",0.900904144938915,0.9224092680063458,0.9998922805687398,2.8232056935140006,0.04370624794221234
90,256,relu,0.0021893964648761425,128,0.0002657344731296098,"[0.9148773420618328, 0.898837596307191, 0.9059012504616639, 0.8792115812602315, 0.8898511694339569]","[0.9303902062727762, 0.9149262921886467, 0.9304964320589353, 0.8937018106767082, 0.9250685320145899]","[0.9999038424114747, 0.9999010260724748, 0.9999408907625349, 0.9998147413992946, 0.9999359516755549]","[2.8451713907460836, 2.8136649145683124, 2.8363385732831343, 2.7727281333362344, 2.814855653124102]",0.8977357879049752,0.9189166546423312,0.9998992904642667,2.8165517330115732,0.025069192858910273
91,256,relu,0.0021443908351887067,128,0.00034770902595690733,"[0.9149756294260147, 0.8988803032913905, 0.9059844882214132, 0.8709451660192119, 0.9003461738130849]","[0.9282779914593685, 0.9149400063904942, 0.9305465258520041, 0.885647522657234, 0.9287364915907405]","[0.9999017257798701, 0.9998930150002139, 0.9999400763626896, 0.9998086152121012, 0.9999470105452805]","[2.8431553466652533, 2.813713324682099, 2.836471090436107, 2.756401303888547, 2.829029675949106]",0.8982263521542231,0.9176297075899683,0.999898088580031,2.8157541483242228,0.03125118269267407
92,256,relu,0.006252517731623695,128,0.0002574506313680333,"[0.9097024828784004, 0.9214750490222628, 0.9285490582679795, 0.8669462760405174, 0.8947130681285554]","[0.9259583449434092, 0.918040093490106, 0.9450572757804917, 0.8916097735608125, 0.9226059928527397]","[0.999856648591099, 0.9998896897607046, 0.9999427037303383, 0.9998150821650766, 0.9999301014570211]","[2.8355174764129085, 2.8394048322730736, 2.8735490377788095, 2.7583711317664066, 2.817249162438316]",0.9042771868675432,0.9206542961255119,0.999886845140848,2.8248183281339028,0.03787992110293329
93,256,relu,0.006293201366981152,128,0.0002929503667758535,"[0.9127518761273419, 0.8802578902471301, 0.9132880957412606, 0.8739297925366003, 0.8940165883518696]","[0.9347596524313155, 0.8922831017417282, 0.9409142266714845, 0.8827152685129481, 0.9275433502944597]","[0.9998962044118818, 0.9998992528761736, 0.9999274258976486, 0.9998011790009462, 0.9999240506647488]","[2.847407732970539, 2.772440244865032, 2.8541297483103936, 2.7564462400504945, 2.821483989311078]",0.8948488486008405,0.915643119930387,0.9998896225702797,2.8103815911015073,0.039386971282684494
94,256,relu,0.0031396053718882985,128,0.0005515611667442572,"[0.9152084651007528, 0.89169248364775, 0.9259775706290876, 0.863833464282502, 0.8998318020607574]","[0.9284246574993053, 0.9066026278487083, 0.9458922813718018, 0.8860021291978029, 0.9286649097976342]","[0.9998933675452344, 0.9999068314708964, 0.999944971133134, 0.9998102110650904, 0.9999447651863281]","[2.8435264901452926, 2.7982019429673546, 2.8718148231340233, 2.7496458045453953, 2.82844147704472]",0.8993087571441698,0.9191173211430504,0.9999000292801365,2.818326107567357,0.04176215678996016
95,256,relu,0.0030610608658983842,128,0.00037611595697993144,"[0.914663415115645, 0.8940484001793579, 0.9288263855158536, 0.8764098797925274, 0.897546675980129]","[0.9275679915529901, 0.9081196636960236, 0.9429445579115112, 0.8909187585437165, 0.9263288147599841]","[0.9998906547210329, 0.9999118561217528, 0.9999462327288167, 0.9998171419233003, 0.9999388650588363]","[2.8421220613896683, 2.8020799199971345, 2.8717171761561815, 2.7671457802595443, 2.8238143557989495]",0.9022989513167026,0.9191759572928451,0.9999009501107479,2.8213758587202955,0.03545090716878527
96,256,relu,0.003242824206995011,128,0.00038075108557993883,"[0.9151846097252626, 0.9030379717158286, 0.9284729686962758, 0.8692200995876176, 0.9000704841314334]","[0.9300355406324142, 0.9319395041387868, 0.9424721981248954, 0.8853889580598258, 0.9286000134651299]","[0.999888029946209, 0.9999073615740044, 0.999948727556339, 0.9997874526128127, 0.9999466731248026]","[2.845108180303886, 2.8348848374286195, 2.8708938943775104, 2.754396510260256, 2.828617170721366]",0.9031972267712837,0.9236872428842104,0.9998956489628334,2.826780118618328,0.03896252312989739
97,256,relu,0.01325715054292664,128,0.0002452778699834089,"[0.9109092728994588, 0.9158833089979117, 0.8940852868076982, 0.8707477577657157, 0.9087920327521593]","[0.9259347201171425, 0.9378710536679585, 0.9243094002597273, 0.8851559611860261, 0.9329376822267753]","[0.9998849081478467, 0.9999171464925867, 0.9999407196902483, 0.999808788036375, 0.9998999998709699]","[2.836728901164448, 2.853671509158457, 2.818335406757674, 2.7557125069881168, 2.841629714849905]",0.9000835318445887,0.9212417634915259,0.9998903124476053,2.82121560778372,0.03466910828003005
98,256,relu,0.012838515427879988,128,0.00038907348125968605,"[0.9198821096032852, 0.8999943925754564, 0.901261087380663, 0.8599702666612754, 0.9040641318940231]","[0.9184120181932025, 0.931143785820475, 0.9339627854696729, 0.8777734867491077, 0.933652575074387]","[0.9998699860338545, 0.9998859266433682, 0.9999387418098942, 0.9998074862540216, 0.9999267066431154]","[2.8381641138303424, 2.8310241050392997, 2.8351626146602302, 2.7375512396644046, 2.8376434136115254]",0.8970343976229407,0.918988930261369,0.9998857694768507,2.815909097361161,0.03926011082316316
99,256,relu,0.0077378285502884316,128,0.00026405057756294896,"[0.86947469792508, 0.876722341595332, 0.9306789238044041, 0.8674155624063341, 0.9089903385413892]","[0.8906975616380334, 0.893947880250357, 0.9446470402797956, 0.8831248429143903, 0.9330075071496152]","[0.9998598461489607, 0.9998798364363979, 0.9999379898352188, 0.9998124877831627, 0.9999198433695012]","[2.7600321057120745, 2.770550058282087, 2.8752639539194185, 2.750352893103887, 2.8419176890605056]",0.8906563728545078,0.9090849664464382,0.9998820007146483,2.7996233400155943,0.04970032779809735
