trial_number,param_n_estimators,param_max_depth,param_min_samples_split,param_min_samples_leaf,param_max_features,param_bootstrap,param_criterion,param_class_weight,cv_bal_accs,cv_macro_f1s,cv_macro_aucs,cv_total_scores,mean_bal_acc,mean_macro_f1,mean_macro_auc,mean_total_score,std_total_score
0,188,36,7,6,log2,True,gini,balanced_subsample,"[0.9622339292916386, 0.9691614017882115, 0.9190147563976561, 0.9534577647603143, 0.9661301000165615]","[0.76908619650248, 0.7811155815493087, 0.7661206842985867, 0.785133228714519, 0.7769392549256809]","[0.9992158228331424, 0.9995765598643306, 0.9989278064512669, 0.9996261356486719, 0.9992204935157826]","[2.730535948627261, 2.749853543201851, 2.6840632471475097, 2.7382171291235053, 2.742289848458025]",0.9539995904508765,0.7756789891981151,0.9993133636626389,2.7289919433116303,0.02331573020923151
1,119,35,13,1,sqrt,False,gini,balanced_subsample,"[0.9593205056286546, 0.970554495288232, 0.9202158625981283, 0.9594142355321305, 0.9689763895861934]","[0.7910830128448816, 0.8153424971442648, 0.7971880262051573, 0.8215530300365887, 0.8094817765751458]","[0.9996261826997916, 0.9997563050437754, 0.999215946448803, 0.9998060622996381, 0.9994770281555447]","[2.750029701173328, 2.785653297476272, 2.7166198352520885, 2.7807733278683573, 2.7779351943168837]",0.9556962977266676,0.8069296685612075,0.9995763049295107,2.7622022712173857,0.02595492083205496
2,126,13,9,10,sqrt,True,entropy,balanced,"[0.9548690641002782, 0.9640508430638874, 0.9118210378237793, 0.9317524003442257, 0.9528717069162114]","[0.6867417180133418, 0.6773092424955612, 0.6672462293674034, 0.6599257710744871, 0.6703011305679376]","[0.9983259263081549, 0.9989114150294978, 0.9965549491169934, 0.9981449842663674, 0.9978817563123874]","[2.639936708421775, 2.6402715005889466, 2.575622216308176, 2.5898231556850804, 2.6210545937965364]",0.9430730104496764,0.6723048183037463,0.9979638062066801,2.613341634960103,0.026335826321119433
3,106,22,10,3,,True,entropy,balanced,"[0.9256193915516729, 0.9220086719999516, 0.8930594417186214, 0.9155722163560582, 0.9389188095173243]","[0.7560177737336602, 0.7933206915411064, 0.7624695043588029, 0.7785100555847311, 0.7909641506361542]","[0.9979452949122732, 0.9937551363465965, 0.9830226669766678, 0.9991137109266471, 0.9939573830644264]","[2.6795824601976066, 2.7090844998876547, 2.638551613054092, 2.6931959828674366, 2.723840343217905]",0.9190357062287257,0.7762564351708908,0.9935588384453222,2.688850979844939,0.02921801392922892
4,179,7,11,4,log2,True,gini,balanced,"[0.9118859476397894, 0.9093644874372394, 0.8462345048682413, 0.8970655596249628, 0.9222093916815522]","[0.5354408355855256, 0.49121201735613, 0.4895435326725023, 0.4757766004182807, 0.47724520157145667]","[0.9936064780783529, 0.9931152795180384, 0.9923122104416727, 0.9933632963856716, 0.9934069902230399]","[2.440933261303668, 2.393691784311408, 2.3280902479824164, 2.366205456428915, 2.3928615834760487]",0.8973519782503571,0.49384363752077903,0.993160850929355,2.384356466700491,0.03702908423534586
5,161,5,6,10,log2,True,gini,balanced_subsample,"[0.8660300279715212, 0.8720872394260168, 0.8266501605475741, 0.8523713062382471, 0.8649474790295629]","[0.4224100166309404, 0.3976219008922549, 0.4133666696922007, 0.4194238305686681, 0.42002741975481833]","[0.990046848569974, 0.9895657608612684, 0.9888824869278428, 0.9902530626139568, 0.9886212365030351]","[2.2784868931724356, 2.2592749011795403, 2.2288993171676177, 2.262048199420872, 2.2735961352874163]",0.8564172426425843,0.41456996750777647,0.9894738790952153,2.2604610892455765,0.017306244302380418
6,88,7,4,6,log2,False,entropy,balanced,"[0.9299902556319476, 0.931315761604822, 0.881325253094519, 0.8980380040564434, 0.9254341559676891]","[0.48259836868399525, 0.4561045662123917, 0.47709570697447634, 0.4446631287010462, 0.4539361089153142]","[0.9940114190831781, 0.9953492200993006, 0.9932606945645897, 0.994204902241932, 0.9940848380683768]","[2.406600043399121, 2.3827695479165145, 2.351681654633585, 2.3369060349994215, 2.37345510295138]",0.9132206860710841,0.4628795758974447,0.9941822148114754,2.3702824767800044,0.024269056833675653
7,170,43,16,7,sqrt,True,entropy,balanced_subsample,"[0.9525876135102748, 0.9441145646024728, 0.918927943024929, 0.953977263211587, 0.9686673982951437]","[0.764658092378799, 0.76083302233336, 0.7603513346436995, 0.7743025761700959, 0.7833631370979145]","[0.9991770676317118, 0.9995831061479773, 0.9970983775062331, 0.9996080179988581, 0.9989776796557834]","[2.7164227735207858, 2.70453069308381, 2.6763776551748615, 2.727887857380541, 2.7510082150488415]",0.9476549565288813,0.7687016325247737,0.9988888497881128,2.715245438841768,0.02476167768681388
8,263,29,3,5,sqrt,True,gini,balanced,"[0.9599378357953983, 0.9715289314478441, 0.9169605390116079, 0.9545750043562679, 0.9686929776467802]","[0.7691000285318796, 0.7930203875180892, 0.7695393021527751, 0.7943463572229328, 0.782661810484715]","[0.9993469507944946, 0.9996576340686958, 0.998825700357768, 0.9996462117316446, 0.9993454264185075]","[2.7283848151217724, 2.764206953034629, 2.685325541522151, 2.748567573310845, 2.750700214550003]",0.9543390576515798,0.7817335771820784,0.999364384674222,2.73543701950788,0.027546250030875914
9,85,22,2,3,sqrt,False,gini,balanced,"[0.9640529914747163, 0.9563808666364408, 0.9055201476907133, 0.9471092181591821, 0.963010855372065]","[0.7575210813378235, 0.7436128345446182, 0.7424592503730989, 0.7599023018372623, 0.7469860279712188]","[0.9987728634162951, 0.9992678104860517, 0.9982840200531711, 0.9992479943743677, 0.9990716450379169]","[2.720346936228835, 2.699261511667111, 2.646263418116983, 2.706259514370812, 2.7090685283812004]",0.9472148158666235,0.7500962992128043,0.9989288666735605,2.6962399817529885,0.025895538042133855
10,243,48,16,1,,False,gini,balanced_subsample,"[0.931492185226432, 0.9280901262762069, 0.8966626667469167, 0.925923112203749, 0.9388153646372237]","[0.7339439053284074, 0.7695019774709442, 0.746852966629099, 0.744791588935757, 0.7407549195516394]","[0.9762246363845744, 0.970996354732066, 0.956963753353731, 0.9818771774021067, 0.9789473003086663]","[2.6416607269394135, 2.668588458479217, 2.600479386729747, 2.652591878541613, 2.6585175844975293]",0.9241966910181058,0.7471690715831694,0.9730018444362288,2.6443676070375037,0.02361361145653801
11,300,32,14,1,sqrt,False,gini,balanced_subsample,"[0.9610687150015278, 0.97179263405149, 0.9225399299311166, 0.9556995128669434, 0.9712992863286303]","[0.7854751130072389, 0.811501169039751, 0.7930364153954375, 0.8169253598243448, 0.7965807629235425]","[0.9995798445954681, 0.9997371203236292, 0.9991854872139824, 0.9997882944800408, 0.999458691886893]","[2.746123672604235, 2.78303092341487, 2.7147618325405363, 2.772413167171329, 2.7673387411390657]",0.9564800156359416,0.8007037640380629,0.9995498877000027,2.756733667374007,0.024182914989876653
12,296,34,20,1,sqrt,False,gini,balanced_subsample,"[0.9592547516314993, 0.9699249883828789, 0.9205148631550903, 0.959513707136635, 0.9718386558948222]","[0.7931843593897281, 0.8294257417424414, 0.7931765366269292, 0.8242717234570607, 0.8047456175594297]","[0.9996000492213681, 0.9997532151419318, 0.9990789322191523, 0.9998016848044331, 0.9994889447436432]","[2.7520391602425955, 2.799103945267252, 2.712770332001172, 2.783587115398129, 2.776073218197895]",0.9562093932401851,0.8089607957551179,0.9995445652261058,2.764714754221409,0.030088838008760683
13,220,40,20,1,sqrt,False,gini,balanced_subsample,"[0.9600712499672436, 0.9496325746504415, 0.9239923436538855, 0.9526542580905649, 0.9691706883513901]","[0.8000281586330763, 0.8384575936201075, 0.7985479298519295, 0.8286716676853676, 0.8261388750657679]","[0.9996799244010539, 0.9997645110174678, 0.9993818312111513, 0.9998203665942624, 0.999498623633186]","[2.759779333001374, 2.787854679288017, 2.721922104716966, 2.7811462923701953, 2.794808187050344]",0.9511042229427051,0.8183688449712496,0.9996290513714243,2.769102119285379,0.026345362592530047
14,226,41,19,3,sqrt,False,gini,balanced_subsample,"[0.9594283032841711, 0.9713720394291286, 0.923778520076973, 0.9587516611187615, 0.9713595934662936]","[0.7923238896113837, 0.8330861374134159, 0.7852432314992474, 0.8122303936927077, 0.8072562122655728]","[0.9995068318636605, 0.9997063985537009, 0.999031497923363, 0.9997803548625701, 0.9993699449474306]","[2.7512590247592152, 2.8041645753962454, 2.7080532494995833, 2.770762409674039, 2.777985750679297]",0.9569380234750655,0.8060279728964655,0.9994790056301449,2.762445002001676,0.03204623463432761
15,283,47,19,2,sqrt,False,gini,balanced_subsample,"[0.9590560862949178, 0.9571439915132683, 0.9214329032248207, 0.9528861801412168, 0.9691910477437975]","[0.8051655941555588, 0.8346474537660762, 0.7963930233170704, 0.8295017944522323, 0.8281490611829083]","[0.999503818993994, 0.9997260705614708, 0.999096605832912, 0.999792076827522, 0.9992508845324838]","[2.7637254994444707, 2.791517515840815, 2.716922532374803, 2.782180051420971, 2.7965909934591897]",0.9519420417836043,0.8187713853747691,0.9994738913496766,2.77018731850805,0.02889584592750924
16,228,50,18,8,,False,gini,balanced_subsample,"[0.9168070433472288, 0.923220306266597, 0.8966436474809424, 0.9077425142181822, 0.947407738219719]","[0.6747733497996403, 0.722575429534629, 0.6945955025700397, 0.6752259200331224, 0.6982627323255437]","[0.9715479147116981, 0.9725099399953068, 0.962823663182518, 0.9752661020482273, 0.984403631581028]","[2.5631283078585674, 2.618305675796533, 2.5540628132335, 2.558234536299532, 2.6300741021262906]",0.9183642499065339,0.693086586852595,0.9733102503037555,2.5847610870628843,0.032534682463652195
17,270,43,17,2,sqrt,False,gini,balanced_subsample,"[0.9621425719350062, 0.9566065349595094, 0.9227368505326906, 0.960186232222671, 0.9687239403042942]","[0.8018887334342046, 0.8385981278081583, 0.7949193410254821, 0.8273468390967331, 0.8187980913106196]","[0.9995706221221508, 0.9997213764846299, 0.9992347234377228, 0.9997963061132737, 0.9993824242506615]","[2.7636019274913615, 2.7949260392522977, 2.7168909149958953, 2.7873293774326777, 2.7869044558655753]",0.9540792259908344,0.8163102265350396,0.9995410904816877,2.769930543007561,0.02852669452829223
18,270,45,17,4,sqrt,False,entropy,balanced_subsample,"[0.9606034487303154, 0.9574645816819541, 0.921980431756159, 0.9554886396956604, 0.9676784420368025]","[0.7903104749786419, 0.7997321875857513, 0.7774379908950131, 0.8094266276607759, 0.8084904098603022]","[0.9992451175275032, 0.9996233724670996, 0.9850494360520656, 0.9996805280323089, 0.9988026354985772]","[2.7501590412364605, 2.756820141734805, 2.6844678587032376, 2.764595795388745, 2.774971487395682]",0.9526431087801782,0.7970795381960969,0.9964802179155109,2.746202864891786,0.031954725537764246
19,270,50,14,2,,False,gini,balanced_subsample,"[0.9328624774414337, 0.9283081301693195, 0.894464890049236, 0.9240270733158599, 0.9380682819264474]","[0.7330410273660933, 0.7724925712851504, 0.7375111935726218, 0.7411992052505214, 0.750135876089374]","[0.9784080136164951, 0.971323890576404, 0.9556985453557515, 0.9823483993137949, 0.9789154452163313]","[2.644311518424022, 2.672124592030874, 2.5876746289776094, 2.647574677880176, 2.6671196032321527]",0.9235461705804593,0.7468759747127522,0.9733388588157554,2.643761004108967,0.030035465442776445
20,204,24,13,4,sqrt,False,gini,balanced_subsample,"[0.968357098171769, 0.9670296278118273, 0.9175874843509895, 0.9497300699350386, 0.9642812104639928]","[0.7610990632424138, 0.7537017391810054, 0.7586730628487928, 0.7899899897354647, 0.7593265571722475]","[0.9989733650466347, 0.999465013999176, 0.9987767708896503, 0.9994404177775569, 0.9992395728015769]","[2.7284295264608174, 2.7201963809920087, 2.6750373180894327, 2.7391604774480602, 2.7228473404378173]",0.9533970981467235,0.7645580824359849,0.9991790281029189,2.717134208685627,0.02203136714213298
21,248,40,20,2,sqrt,False,gini,balanced_subsample,"[0.9595879726651063, 0.966323201976127, 0.9229323756425194, 0.9599673296213502, 0.9714409723834294]","[0.793090466235663, 0.831341288123089, 0.788860282019569, 0.8176625654800306, 0.8100779369452751]","[0.9995660684377854, 0.999727848817455, 0.9991006771936201, 0.9997919216595221, 0.9994163695683942]","[2.752244507338555, 2.797392338916671, 2.7108933348557085, 2.777421816760903, 2.7809352788970987]",0.9560503704577064,0.8082065077607254,0.9995205771353554,2.763777455353787,0.03013389783839787
22,53,38,18,2,sqrt,False,gini,balanced_subsample,"[0.9615136626278131, 0.9657364162180532, 0.9218728840152904, 0.9536326336950629, 0.9685327293383206]","[0.7930639881893343, 0.8117459059817047, 0.7836275514616049, 0.8160322701634193, 0.8085266205617202]","[0.9995439707524507, 0.999701993350929, 0.9986928376415082, 0.9997882202917013, 0.999309393490803]","[2.754121621569598, 2.777184315550687, 2.7041932731184035, 2.7694531241501834, 2.7763687433908437]",0.954257665178908,0.8025992672715565,0.9994072831054785,2.7562642155559436,0.02731945712669081
23,211,45,16,2,sqrt,False,gini,balanced_subsample,"[0.9580990196264968, 0.9563012188824281, 0.9210673104109364, 0.9527734079082181, 0.9694188411710275]","[0.8006086222794474, 0.8332612933146654, 0.7970636531241558, 0.8267974107480229, 0.8214807010625494]","[0.9995173082127323, 0.9997170113448199, 0.9991990552448591, 0.9997933098117318, 0.9993561456363109]","[2.7582249501186764, 2.7892795235419134, 2.7173300187799514, 2.779364128467973, 2.790255687869888]",0.9515319595998213,0.8158423361057683,0.9995165660500909,2.7668908617556807,0.027328098504530805
24,280,45,20,3,sqrt,False,gini,balanced_subsample,"[0.9628303222655253, 0.9653479496295297, 0.9239512457956532, 0.9558531004263444, 0.9724542351990538]","[0.7953696988610686, 0.8318535210902854, 0.7856853941896483, 0.813830429163846, 0.8165332180324825]","[0.9994540379083797, 0.9997043194624434, 0.9990614571497864, 0.9997786048571817, 0.999250030980297]","[2.7576540590349734, 2.7969057901822585, 2.708698097135088, 2.769462134447372, 2.7882374842118334]",0.9560873706632214,0.8086544522674661,0.9994496900716177,2.764191513002305,0.030978927102856112
25,254,30,18,2,sqrt,False,gini,balanced_subsample,"[0.9557909994400708, 0.966780232693321, 0.9187449885000598, 0.9533793514245484, 0.9696470818656759]","[0.7731141017868332, 0.8081971217551849, 0.7760818242624833, 0.8107313532203847, 0.7855627539217488]","[0.9994350568894026, 0.9996768984970474, 0.9991472886816737, 0.9997117059811267, 0.9994076821906335]","[2.7283401581163065, 2.7746542529455533, 2.6939741014442165, 2.7638224106260596, 2.7546175179780583]",0.9528685307847352,0.7907374309893269,0.9994757264479768,2.7430816882220386,0.02894459385177341
26,231,38,17,5,sqrt,False,entropy,balanced_subsample,"[0.9599931618511746, 0.9659086522162065, 0.9208263374473925, 0.9555219413909353, 0.966173383672104]","[0.7790354199335277, 0.7800108224747347, 0.7690126944429188, 0.7802659935262827, 0.7958311541772035]","[0.9992456483413932, 0.9996326119159166, 0.9980768892800767, 0.9996709262088204, 0.9989527601473231]","[2.7382742301260956, 2.7455520866068577, 2.6879159211703882, 2.7354588611260384, 2.7609572979966304]",0.9536846953155627,0.7808312169109335,0.9991157671787061,2.733631679405202,0.02450962243886458
27,284,17,15,1,sqrt,False,gini,balanced_subsample,"[0.9585932339803458, 0.958594093570396, 0.9166275768995298, 0.9351132632313052, 0.9551288821203131]","[0.7034198377148598, 0.7241074000592853, 0.6968598151207339, 0.7194391086577716, 0.708473026024651]","[0.9975532113759736, 0.9984244038704889, 0.9973556985485788, 0.998655385206855, 0.9985556336825784]","[2.6595662830711793, 2.6811258975001704, 2.6108430905688422, 2.653207757095932, 2.6621575418275425]",0.9448114099603779,0.7104598375154604,0.9981088665368949,2.653380114012733,0.02321451484898405
28,152,42,19,8,log2,False,gini,balanced_subsample,"[0.9642622412740558, 0.9674449271700386, 0.9191694555943658, 0.9531918082437316, 0.9654005654725794]","[0.7649601395932806, 0.759442262510868, 0.7595557232731183, 0.7874960474200347, 0.7655368414207173]","[0.9990685834120461, 0.9995666012863803, 0.9989580600172384, 0.9996616272566203, 0.9991776820982488]","[2.7282909642793824, 2.726453790967287, 2.6776832388847223, 2.7403494829203865, 2.7301150889915453]",0.9538937995509544,0.7673982028436038,0.9992865108141068,2.7205785132086646,0.02198109583523942
29,188,47,19,4,,False,gini,balanced_subsample,"[0.9270743519637519, 0.9263132071008257, 0.8887067873106856, 0.9187860707768418, 0.9442961598696894]","[0.703378568148183, 0.7419705048064302, 0.7064656238976021, 0.7097138525646038, 0.7231938133222168]","[0.9769521736934478, 0.9722397553970695, 0.9572377278456772, 0.9814000352224089, 0.9832309014908344]","[2.6074050938053825, 2.6405234673043254, 2.552410139053965, 2.6098999585638545, 2.6507208746827406]",0.9210353154043588,0.7169444725478072,0.9742121187298876,2.6121919066820536,0.03431963008810849
30,202,37,8,3,log2,False,gini,balanced_subsample,"[0.9609464344508755, 0.9690524126163396, 0.9205219719196013, 0.9531877249948378, 0.9678627355291805]","[0.7763724978300214, 0.7844520966180012, 0.7735601432029121, 0.8049293985694357, 0.7906835194844413]","[0.9993464254621555, 0.9996385035815554, 0.9992210888065017, 0.9997218865793676, 0.9993642218224537]","[2.7366653577430524, 2.7531430128158965, 2.6933032039290152, 2.757839010143641, 2.7579104768360754]",0.9543142559021668,0.7859995311409623,0.9994584252504067,2.739772212293536,0.024507979987588628
31,210,45,16,2,sqrt,False,gini,balanced_subsample,"[0.9580990196264968, 0.956366915505057, 0.9210673104109364, 0.952776367144735, 0.9694247583307909]","[0.8006086222794474, 0.8335085679263634, 0.7970636531241558, 0.8268182014676654, 0.8215221875715446]","[0.9995174671502842, 0.9997168317173457, 0.9991998591267516, 0.9997942620577228, 0.9993564890622507]","[2.7582251090562284, 2.7895923151487665, 2.7173308226618436, 2.7793888306701233, 2.7903034349645863]",0.9515468742036033,0.8159042464738354,0.9995169818228711,2.76696810250031,0.027389657579366566
32,214,47,17,2,sqrt,False,gini,balanced_subsample,"[0.9590636477748414, 0.9553231432081334, 0.9211059979902733, 0.9523935502566411, 0.968479970636991]","[0.8021550668959568, 0.8386929915286929, 0.7989877331580082, 0.8275445482227812, 0.8226069039564874]","[0.9995029386033092, 0.9997123905006036, 0.999155274855482, 0.9997772309087121, 0.9992434011191595]","[2.7607216532741075, 2.7937285252374298, 2.7192490060037633, 2.7797153293881345, 2.790330275712638]",0.9512732619733759,0.8179974487523853,0.9994782471974533,2.7687489579232145,0.02729350187791104
33,240,48,18,1,sqrt,False,gini,balanced_subsample,"[0.9599601186622045, 0.9465915858906222, 0.916985288794566, 0.9539365297630544, 0.9679153045759666]","[0.8284431228546854, 0.850213678568767, 0.8123480324259192, 0.8437932063378694, 0.8434397085720677]","[0.9996702536345614, 0.9997198117246947, 0.9994338288208096, 0.9998011001480358, 0.9994970657688215]","[2.788073495151451, 2.796525076184084, 2.728767150041295, 2.7975308362489595, 2.810852078916856]",0.9490777655372827,0.8356475497518616,0.9996244120193847,2.784349727308529,0.028732019547983004
34,242,40,12,1,sqrt,False,gini,balanced_subsample,"[0.9595893070803414, 0.9469591692653258, 0.9210502025949946, 0.9527264817757157, 0.9654635214778851]","[0.8144202812472708, 0.8426521216264312, 0.8085533795787089, 0.8298311299591142, 0.825947237631793]","[0.9996966108302263, 0.9997877786764202, 0.9992960860577551, 0.9998238610336694, 0.9995226251196911]","[2.7737061991578384, 2.7893990695681774, 2.728899668231459, 2.7823814727684995, 2.790933384229369]",0.9491577364388526,0.8242808300086637,0.9996253923435525,2.773063958791069,0.022907925744760763
35,239,49,11,1,sqrt,True,entropy,balanced,"[0.948970870669303, 0.9254062140046381, 0.9101239971005871, 0.9412357375602975, 0.947502541000716]","[0.8317841580055126, 0.8445581506760571, 0.8199479624874138, 0.8453085808216662, 0.8378435665975652]","[0.9995557551974739, 0.9993267771710842, 0.9861245341635357, 0.9997004840355427, 0.9995499930242149]","[2.7803107838722894, 2.7692911418517796, 2.7161964937515366, 2.786244802417506, 2.784896100622496]",0.9346478720671083,0.8358884837176429,0.9968515087183704,2.767387864503122,0.026280423088804624
36,285,43,13,1,sqrt,False,gini,balanced_subsample,"[0.9609182377074055, 0.9477774112986224, 0.9166249416673671, 0.9497406808520708, 0.9698114382987982]","[0.8169078733597501, 0.8439462434951959, 0.8102339912591556, 0.8347176233319054, 0.8382487027864702]","[0.9997188776392956, 0.9997640207027052, 0.9993910619261783, 0.9998210517853994, 0.9995288519523794]","[2.777544988706451, 2.7914876754965237, 2.726249994852701, 2.7842793559693755, 2.807588993037648]",0.9489745419648529,0.8288108868464954,0.9996447728011916,2.77743020161254,0.027471814383773895
37,284,35,12,1,log2,True,gini,balanced,"[0.9598007086201524, 0.9734082726093586, 0.9208487118923911, 0.960133617410048, 0.973057145208005]","[0.8104786291845515, 0.8468982241160014, 0.7967754384375781, 0.8381362945205679, 0.8181234340578201]","[0.9996702800895865, 0.9997970510524682, 0.9994266124934663, 0.9997960139812483, 0.9995299165081839]","[2.7699496178942904, 2.820103547777828, 2.7170507628234355, 2.798065925911864, 2.790710495774009]",0.957449691147991,0.8220824040633039,0.9996439748249907,2.7791760700362853,0.03495599886086267
38,258,34,12,1,log2,True,entropy,balanced,"[0.9587226922176627, 0.9474323581463058, 0.9207398949438459, 0.9483645180887439, 0.9537265794102912]","[0.8277362134657349, 0.809875619071255, 0.8066975501863476, 0.8355408356989618, 0.8320533317506655]","[0.9997366785910059, 0.9997874660260959, 0.9994289288198062, 0.9997890727273784, 0.999488771708255]","[2.7861955842744037, 2.7570954432436565, 2.7268663739499996, 2.7836944265150843, 2.7852686828692117]",0.94579720856137,0.822380710034593,0.9996461835745084,2.7678241021704713,0.023179005882924028
39,292,36,10,1,log2,True,gini,balanced,"[0.9603066142151845, 0.9725382708114928, 0.9254855926276313, 0.9584573271033656, 0.9677364756510921]","[0.8128252773890992, 0.845664367522849, 0.805192575953651, 0.8356183482095948, 0.8173151376689007]","[0.9997112392213137, 0.9998064271767839, 0.9994457320080385, 0.9997862293715193, 0.9995800646831892]","[2.7728431308255974, 2.8180090655111254, 2.730123900589321, 2.79386190468448, 2.7846316780031817]",0.9569048560817534,0.8233231413488189,0.999665938492169,2.779893935922741,0.028972689638681427
40,291,27,9,3,log2,True,gini,balanced,"[0.9639518793339984, 0.971024817071142, 0.9180689837219026, 0.9485486067217793, 0.9658102789431954]","[0.7694969503024328, 0.789094493977533, 0.7603317713885958, 0.7726206822741821, 0.775463072039712]","[0.9992194185590071, 0.99954692715899, 0.9988762013156213, 0.9995709268124113, 0.999333473613069]","[2.7326682481954383, 2.759666238207665, 2.6772769564261196, 2.720740215808373, 2.740606824595976]",0.9534809131584036,0.7734013939964912,0.9993093894918197,2.726191696646714,0.027541448838620447
41,277,35,10,1,log2,True,gini,balanced,"[0.9602178801465638, 0.9714539733341913, 0.9228655421239607, 0.958575856081962, 0.9694870297691393]","[0.8082592703023792, 0.8129036689126697, 0.8026188112896946, 0.8351838518159, 0.8122427189215368]","[0.9996800174806313, 0.9997996129093177, 0.9994104217267983, 0.999779218424362, 0.9995424463944402]","[2.7681571679295742, 2.784157255156179, 2.7248947751404535, 2.793538926322224, 2.7812721950851165]",0.9565200562911634,0.8142416642484361,0.9996423433871099,2.7704040639267093,0.02416043174027679
42,299,32,6,1,log2,True,gini,balanced,"[0.9617736235563795, 0.9702764315701069, 0.9217881097516318, 0.9574352783451145, 0.9661349641304336]","[0.8018429056068129, 0.8205350449482474, 0.7983879065264806, 0.8276391932459068, 0.8091255284955136]","[0.9996177537142354, 0.9997645359638483, 0.9993310049243327, 0.9997629157936808, 0.9995153409293814]","[2.763234282877428, 2.7905760124822026, 2.7195070212024453, 2.784837387384702, 2.7747758335553288]",0.9554816814707332,0.8115061157645922,0.9995983102650958,2.7665861075004208,0.025311544663490042
43,259,38,12,1,log2,True,gini,balanced,"[0.9627663400973963, 0.9579381271425056, 0.9257475260026571, 0.9522301373670772, 0.9631087992019681]","[0.8064022624003665, 0.8274338321828918, 0.8098828608430714, 0.8388561281802488, 0.8258716755544723]","[0.9997378139063372, 0.9998069363044045, 0.9995181972282413, 0.9997957343628505, 0.9995902210751183]","[2.7689064164041, 2.785178895629802, 2.7351485840739698, 2.7908819999101766, 2.7885706958315586]",0.9523581859623208,0.8216893518322103,0.9996897805753905,2.773737318369921,0.020771648517134707
44,261,32,10,1,log2,True,gini,balanced,"[0.959378994589309, 0.970504892365178, 0.9199869509043378, 0.9565979012761258, 0.9692840484639313]","[0.7934856618508799, 0.8411967332545481, 0.7862795417337543, 0.8272163169052098, 0.8080446375129676]","[0.9996038429025309, 0.9997643001262339, 0.9992918704758048, 0.9997667899105229, 0.9994875572470133]","[2.7524684993427195, 2.81146592574596, 2.7055583631138966, 2.7835810080918586, 2.7768162432239123]",0.9551505575197764,0.8112445782514719,0.9995828721324213,2.7659780079036693,0.03557955572569737
45,288,36,12,9,log2,True,gini,balanced,"[0.9663228777888575, 0.970204258404302, 0.9162869930195258, 0.9524607081198555, 0.9657274811115574]","[0.7622755208481736, 0.7413799786564749, 0.7458220232002217, 0.7514362721267291, 0.76657246515862]","[0.9990810847245248, 0.9994813268926479, 0.9989284404505071, 0.9995901697320151, 0.9991298281110129]","[2.7276794833615563, 2.711065563953425, 2.6610374566702544, 2.7034871499785997, 2.73142977438119]",0.9542004636888196,0.7534972519980438,0.9992421699821415,2.706939885669005,0.025162913800368066
46,273,39,8,3,log2,True,entropy,balanced,"[0.9572042234621803, 0.9713068679092026, 0.9218172020336207, 0.9573102285536504, 0.9695756930439774]","[0.7852621528009768, 0.7858494386739134, 0.7804551124105551, 0.7934145350300743, 0.7961872154650397]","[0.9992443603096433, 0.9996537922056943, 0.9988065633219462, 0.9996624330165909, 0.9991177245201819]","[2.7417107365728004, 2.7568100987888102, 2.701078877766122, 2.7503871966003155, 2.7648806330291986]",0.9554428430005263,0.7882336908761118,0.9992969746748113,2.742973508551449,0.022284931161998693
47,255,43,13,6,log2,True,gini,balanced,"[0.9583530989408083, 0.9689035012605725, 0.9187448706828338, 0.9529736229675039, 0.9675021746361707]","[0.7690109774333558, 0.7638428956481711, 0.7646367857254316, 0.7932772936568457, 0.7854245248523126]","[0.9992437036835075, 0.9995707709577064, 0.9990184183278135, 0.9996519828715352, 0.9991589825467089]","[2.7266077800576713, 2.7323171678664497, 2.682400074736079, 2.745902899495885, 2.752085682035192]",0.9532954536975777,0.7752384954632234,0.9993287716774543,2.7278627208382558,0.024496812284250317
48,143,28,14,1,log2,True,gini,balanced,"[0.9652837353860254, 0.9610951899430478, 0.9196554977262548, 0.9516298631489646, 0.958128182850118]","[0.7816671514625978, 0.7788697772354084, 0.7719346347740376, 0.7933552516225604, 0.802579626806675]","[0.9994595630421352, 0.999627747331528, 0.9990854704747326, 0.9996514817909302, 0.9994137286440687]","[2.7464104498907584, 2.739592714509984, 2.6906756029750247, 2.7446365965624553, 2.760121538300862]",0.9511584938108821,0.7856812883802559,0.9994475982566791,2.736287380447817,0.023797531396048024
49,300,12,11,2,log2,True,gini,balanced,"[0.9519684770623053, 0.9496917054001917, 0.8828783495874795, 0.9314638450292465, 0.9434395203958347]","[0.635955298327287, 0.6508115949631708, 0.6186104675883843, 0.641622775448282, 0.6313239076812525]","[0.9968552414398192, 0.9972693640901751, 0.996494769908288, 0.9977415172533348, 0.9973340498189103]","[2.5847790168294114, 2.5977726644535375, 2.4979835870841516, 2.5708281377308633, 2.5720974778959973]",0.9318883794950115,0.6356648088016753,0.9971389885021054,2.5646921767987925,0.03475722730169329
50,263,24,9,1,log2,True,gini,balanced,"[0.9660563002482395, 0.9727738882495898, 0.9224243709453609, 0.9480991647087675, 0.9626979242071018]","[0.7631005467228295, 0.7621520657937522, 0.7590460115437324, 0.7822593581359688, 0.766834068201847]","[0.9992349827801564, 0.9995133808501082, 0.9988381678719332, 0.9995586902556362, 0.9993124204963589]","[2.7283918297512253, 2.73443933489345, 2.6803085503610267, 2.7299172131003724, 2.7288444129053078]",0.9544103296718118,0.7666784100796259,0.9992915284508387,2.720380268202276,0.020150335525600395
51,243,41,12,1,log2,True,gini,balanced,"[0.9572695590975077, 0.9495002827886607, 0.9203489254567943, 0.9515969328707109, 0.957003185514285]","[0.8087729571204341, 0.8406420922853219, 0.807355451448754, 0.8395579534601133, 0.8318562566468107]","[0.9997715055325479, 0.9998155637439031, 0.9995424894900985, 0.9998376076653759, 0.9996268641260677]","[2.7658140217504896, 2.789957938817886, 2.727246866395647, 2.7909924939962, 2.7884863062871634]",0.9471437771455917,0.8256369421922868,0.9997188061115987,2.7724995254494766,0.024473914095280783
52,287,36,11,1,,True,gini,balanced,"[0.9490218929812376, 0.9329090928244906, 0.8811139901849948, 0.9424749474586298, 0.9478867629348463]","[0.7757657132893767, 0.8068869568403229, 0.806258633825819, 0.79427763547352, 0.7929296915877301]","[0.9989082789549586, 0.9992795869862596, 0.9847300179055138, 0.9994349686193096, 0.9986431197161427]","[2.723695885225573, 2.739075636651073, 2.672102641916328, 2.7361875515514593, 2.739459574238719]",0.9306813372768399,0.7952237262033538,0.9961991944364369,2.7221042579166306,0.025652558315009188
53,235,43,13,2,log2,True,gini,balanced,"[0.9596591481665924, 0.9671614122800409, 0.925132739715487, 0.9579788888560511, 0.9704813731702708]","[0.7929824253656979, 0.8318998511831148, 0.7898592445577423, 0.8252977607116351, 0.8153975637563851]","[0.9995212347515714, 0.999731491410915, 0.9993137716078395, 0.9997811085202959, 0.9993675926302746]","[2.7521628082838614, 2.7987927548740705, 2.714305755881069, 2.783057758087982, 2.7852465295569306]",0.9560827124376885,0.811087369114915,0.9995430397841792,2.7667131213367826,0.030324844014823066
54,245,34,12,1,log2,True,gini,balanced,"[0.9622733937841618, 0.9607278330252369, 0.9206139761888288, 0.9573104929322115, 0.9702380602532494]","[0.8035797775205338, 0.8370390069874794, 0.8005475813956889, 0.8318533067812498, 0.8104982266834145]","[0.9996622555463, 0.9997787458121757, 0.9994186473814247, 0.9997869387257768, 0.9995344730398995]","[2.7655154268509956, 2.797545585824892, 2.7205802049659424, 2.788950738439238, 2.7802707599765633]",0.9542327512367377,0.8167035798736733,0.9996362121011154,2.7705725432115265,0.02714467463506163
55,267,39,15,2,sqrt,True,gini,balanced,"[0.955570883453126, 0.9511477106449395, 0.9208003007432407, 0.9558854860843533, 0.9596476745331524]","[0.7991646369730822, 0.8301632859658755, 0.7970632146850825, 0.8241779433251587, 0.8163607442039139]","[0.9995830103922443, 0.9997410250133405, 0.9991330039723408, 0.9998006788378805, 0.9993585063920463]","[2.7543185308184523, 2.7810520216241557, 2.716996519400664, 2.7798641082473927, 2.775366925129113]",0.9486104110917625,0.8133859650306224,0.9995232449215704,2.761519621043955,0.024264974733075716
56,251,41,10,1,,True,gini,balanced,"[0.947854473671324, 0.9323626598328328, 0.9017526205298465, 0.9433059445043109, 0.9495470479730576]","[0.7890357794752556, 0.815913446327336, 0.7876324995855457, 0.8060905716523783, 0.8066295269292373]","[0.998466211053597, 0.9992738853465827, 0.9851272888365722, 0.9993137915525624, 0.9966323598061918]","[2.7353564642001764, 2.7475499915067516, 2.6745124089519643, 2.748710307709252, 2.7528089347084865]",0.9349645493022744,0.8010603647939506,0.9957627073191013,2.731787621415326,0.029222976701277728
57,190,30,8,3,sqrt,False,entropy,balanced_subsample,"[0.9591520717070905, 0.9665762908587068, 0.9226020987991093, 0.9554012733386733, 0.9699280964134982]","[0.7870367434428972, 0.7876582404957334, 0.778582004902094, 0.7861855782119186, 0.8037187307982154]","[0.9994656962703188, 0.9996745331538764, 0.9985509656992487, 0.9996817320328035, 0.999277882547518]","[2.745654511420306, 2.7539090645083166, 2.699735069400452, 2.7412685835833956, 2.7729247097592316]",0.9547319662234155,0.7886362595701717,0.9993301619407532,2.7426983877343405,0.02406632313544719
58,275,3,14,2,log2,True,gini,balanced,"[0.7837519050265876, 0.8342774789413916, 0.7607522325163053, 0.8146654431428701, 0.8173296986633956]","[0.2873800962947653, 0.3011463104523736, 0.2976855630545586, 0.32956368666557295, 0.34005228539688515]","[0.9872812095427811, 0.9869282664663608, 0.985479607643527, 0.9852170127413002, 0.9859097460199497]","[2.058413210864134, 2.122352055860126, 2.043917403214391, 2.1294461425497433, 2.1432917300802306]",0.80215535165811,0.31116558837283115,0.9861631684827838,2.099484108513725,0.04028461636479525
59,291,46,9,1,sqrt,False,gini,balanced_subsample,"[0.9568173335912982, 0.9454722929493417, 0.9156114163747767, 0.9456003093866375, 0.9664631837221609]","[0.8304452833466515, 0.8495184212511941, 0.8143875500820902, 0.8452652383802426, 0.8438157931484038]","[0.9997003002178243, 0.9997603378134312, 0.9994920464345942, 0.999823658695079, 0.9994755575856286]","[2.786962917155774, 2.794751052013967, 2.729491012891461, 2.790689206461959, 2.8097545344561934]",0.945992907204843,0.8366864572417164,0.9996503801493114,2.782329744595871,0.027530660855303563
60,292,44,6,2,sqrt,False,gini,balanced_subsample,"[0.9630343472838676, 0.9562132309821472, 0.9213971755389277, 0.9568055385955286, 0.9715519836686856]","[0.8071110568467532, 0.8392872729184384, 0.7932918065018232, 0.826312510936984, 0.8199002733951195]","[0.9995682153723228, 0.9997321829873017, 0.9992061086921201, 0.9998029585912362, 0.9993493781035104]","[2.7697136195029435, 2.7952326868878874, 2.713895090732871, 2.7829210081237488, 2.7908016351673153]",0.9538004552138315,0.8171805841198235,0.9995317687492984,2.770512808082953,0.029607015929209758
61,281,48,10,1,sqrt,False,gini,balanced_subsample,"[0.9568669203509205, 0.944570266221371, 0.9184347261032566, 0.9495939512587213, 0.9665465049507275]","[0.8336322463921414, 0.8491962952059375, 0.818779986164907, 0.8473289535671868, 0.8454767065626598]","[0.9997048079872861, 0.9997399219481865, 0.9995078376807295, 0.9998145915836656, 0.9994980492300962]","[2.790203974730348, 2.793506483375495, 2.736722549948893, 2.7967374964095737, 2.8115212607434836]",0.9472024737769994,0.8388828375785666,0.9996530416859928,2.785738353041558,0.025567847242845904
62,284,48,7,7,sqrt,False,gini,balanced_subsample,"[0.9621230801423901, 0.971274339617803, 0.9275870996567316, 0.9585967798842802, 0.9691394170158161]","[0.7836857720041043, 0.8159711729929113, 0.7769734950102333, 0.8042993433666429, 0.795453280366558]","[0.9993070271259549, 0.9996660563077724, 0.9986771389828732, 0.9997506607941841, 0.9991121548229073]","[2.7451158792724493, 2.7869115689184865, 2.7032377336498383, 2.762646784045107, 2.763704852205281]",0.9577441432634043,0.79527661274809,0.9993026076067384,2.752323363618232,0.027906279356619636
63,277,50,9,1,sqrt,False,gini,balanced_subsample,"[0.9569327526477331, 0.9455861039710957, 0.9156405794098997, 0.9436808439251074, 0.9681915295804256]","[0.8363891654918286, 0.8532198887165887, 0.8170696906636562, 0.846303397040947, 0.8477419681347889]","[0.9996750528599873, 0.9997355728644318, 0.9995452683535979, 0.999801239812507, 0.9995210988574833]","[2.7929969709995492, 2.798541565552116, 2.732255538427154, 2.7897854807785616, 2.815454596572698]",0.9460063619068524,0.8401448220095619,0.9996556465496015,2.785806830466016,0.02820082328962271
64,279,50,9,1,sqrt,False,gini,balanced_subsample,"[0.9569327526477331, 0.9455843289341601, 0.9156405794098997, 0.9436808439251074, 0.9691217621385652]","[0.8363891654918286, 0.853227550805004, 0.8170696906636562, 0.846303397040947, 0.8482289508038613]","[0.9996752219606371, 0.9997347495842795, 0.9995452132021542, 0.9998000651666924, 0.9995207254349939]","[2.7929971401001987, 2.7985466293234436, 2.73225548327571, 2.7897843061327467, 2.8168714383774205]",0.946192053411093,0.8402437509610594,0.9996551950697514,2.786090999441904,0.028503249747333276
65,277,50,9,2,sqrt,False,gini,balanced_subsample,"[0.9570534719812323, 0.9446037042134724, 0.9211878454916641, 0.9529819708669117, 0.9692898372034924]","[0.8170490475610079, 0.8372282620796079, 0.7998836400010219, 0.8338990902199747, 0.8298841117275958]","[0.9994757609904535, 0.9997163246702685, 0.9990867556281517, 0.9997861461625308, 0.9991637428026843]","[2.7735782805326936, 2.7815482909633484, 2.7201582411208376, 2.786667207249417, 2.7983376917337726]",0.9490233659513546,0.8235888303178417,0.9994457460508178,2.772057942320014,0.027166203198990466
66,296,46,4,1,sqrt,False,gini,balanced_subsample,"[0.954638589845183, 0.9447385338990594, 0.9101566782517296, 0.9432478447043101, 0.9527644199012616]","[0.8294620994223917, 0.8507656194849301, 0.8173721024661944, 0.846364381288066, 0.8391469419067517]","[0.9996371905448213, 0.9997582501440502, 0.9991232781660093, 0.9998220768556151, 0.9994506593605272]","[2.7837378798123957, 2.7952624035280396, 2.7266520588839334, 2.789434302847991, 2.79136202116854]",0.9411092133203087,0.8366222289136667,0.9995582910142046,2.77728973324818,0.025590191066890474
67,268,48,7,2,sqrt,False,gini,balanced_subsample,"[0.9570668435700251, 0.9574062105864256, 0.9211121645898436, 0.9528129621508722, 0.9708918206037004]","[0.8110269789110528, 0.8408225883311529, 0.8026319900259385, 0.8318243139437813, 0.8257077062244972]","[0.9994922080889768, 0.999727147110552, 0.9990756116835187, 0.9997860211580435, 0.9991824678522137]","[2.7675860305700546, 2.7979559460281305, 2.722819766299301, 2.784423297252697, 2.795781994680411]",0.9518580003001734,0.8224027154872845,0.999452691178661,2.773713406966119,0.027630173418382156
68,293,49,9,1,sqrt,False,gini,balanced_subsample,"[0.9534000033144643, 0.9455313621831095, 0.9156897382761515, 0.9435884324468782, 0.9689989396680931]","[0.8332151779202459, 0.8509424274741307, 0.8185751184584064, 0.8440950369161829, 0.8471089077634675]","[0.999689983661115, 0.9997523440292682, 0.999488133352491, 0.9998106700426109, 0.9994800236757813]","[2.786305164895825, 2.7962261336865084, 2.7337529900870488, 2.787494139405672, 2.8155878711073417]",0.9454416951777393,0.8387873337064867,0.9996442309522532,2.7838732598364793,0.027164228062820393
69,108,49,9,2,sqrt,False,gini,balanced_subsample,"[0.9569298329539927, 0.9553790170168348, 0.9221494876071143, 0.9526118149387495, 0.9698498104699905]","[0.8090674973804226, 0.8423620531034074, 0.8025077852874936, 0.8306787075741429, 0.823869088244868]","[0.9995436534482489, 0.9997088078708157, 0.9990868366492407, 0.9997717370160347, 0.9993133992631493]","[2.7655409837826643, 2.797449877991058, 2.7237441095438486, 2.783062259528927, 2.793032297978008]",0.9513839925973363,0.821697026318067,0.9994848868494979,2.772565905764901,0.02676257103276487
70,294,46,8,1,sqrt,False,entropy,balanced_subsample,"[0.9503989135733828, 0.9445990118368702, 0.9101102395423422, 0.9384096843294253, 0.9398124554501931]","[0.8347935813256737, 0.8538132189483878, 0.8137852903308337, 0.845335417706146, 0.8379507802943766]","[0.9994501569081821, 0.9995795244718927, 0.986031715843103, 0.9997220488374203, 0.9995647089916936]","[2.7846426518072387, 2.7979917552571507, 2.709927245716279, 2.7834671508729913, 2.7773279447362635]",0.9366660609464427,0.8371356577210836,0.9968696310104583,2.770671349677985,0.03111106168647925
71,279,48,10,1,sqrt,False,gini,balanced_subsample,"[0.9568669203509205, 0.944570266221371, 0.9184439246774777, 0.9495939512587213, 0.9665372915452224]","[0.8336322463921414, 0.8491962952059375, 0.8193867876775229, 0.8473289535671868, 0.8448512145718245]","[0.9997038566038308, 0.9997401427087046, 0.9994823450529775, 0.999814181720615, 0.9994993534975691]","[2.7902030233468924, 2.793506704136013, 2.7373130574079783, 2.796737086546523, 2.810887859614616]",0.9472024708107426,0.8388790994829227,0.9996479759167395,2.785729546210404,0.02521412004667943
72,276,50,10,1,sqrt,False,gini,balanced_subsample,"[0.9538184067534288, 0.9455721649919192, 0.9184576026705195, 0.9436750392090103, 0.968069911176503]","[0.8328192280567467, 0.8529485213186634, 0.8187595727726757, 0.8430853949115691, 0.8467547717827267]","[0.999668736456683, 0.9997226051666154, 0.9994896972774501, 0.9998018147171551, 0.9995188083248963]","[2.7863063712668583, 2.7982432914771977, 2.7367068727206454, 2.7865622488377344, 2.8143434912841263]",0.945918624960276,0.8388734977684763,0.99964033238856,2.7844324551173125,0.025966085895491108
73,279,50,10,1,sqrt,False,gini,balanced_subsample,"[0.9538184067534288, 0.9455721649919192, 0.9184576026705195, 0.9436750392090103, 0.9680728697563846]","[0.8328192280567467, 0.8529485213186634, 0.8187595727726757, 0.8430853949115691, 0.846775694882477]","[0.9996707259117528, 0.9997231564532671, 0.9994863237066532, 0.9998023371245074, 0.9995191026954253]","[2.786308360721928, 2.7982438427638496, 2.7367034991498485, 2.786562771245087, 2.814367667334287]",0.9459192166762523,0.8388776823884264,0.9996403291783211,2.784437228243,0.025972992710391947
74,278,50,11,1,sqrt,False,gini,balanced_subsample,"[0.9569622321502035, 0.9446556082285074, 0.9182597218703883, 0.9498667608435031, 0.9649021652105434]","[0.8330044588801053, 0.851356511120052, 0.8178662668897738, 0.8475985986566138, 0.8444224129378388]","[0.999698560947434, 0.9997201747016249, 0.9994902717053381, 0.9998058583708866, 0.9995152884473424]","[2.789665251977743, 2.7957322940501843, 2.7356162604655, 2.7972712178710033, 2.808839866595725]",0.946929297660629,0.8388496496968767,0.9996460308345252,2.785424978192031,0.025666006456119585
75,266,50,10,2,sqrt,False,gini,balanced_subsample,"[0.9561010402195474, 0.9546207720622063, 0.9215345402526874, 0.9529867206772766, 0.9685971869076958]","[0.8156170166934156, 0.8397991760770942, 0.7978244338752787, 0.8321351581675684, 0.8275166816561803]","[0.9994916592268378, 0.9997288333055364, 0.9990129431509702, 0.9997812067392567, 0.9991822315988463]","[2.771209716139801, 2.7941487814448367, 2.7183719172789362, 2.784903085584102, 2.795296100162722]",0.9507680520238827,0.8225784932939074,0.9994393748042896,2.7727859201220797,0.0285421578462417
76,278,48,11,5,sqrt,False,gini,balanced_subsample,"[0.9593502502642123, 0.9723732165757903, 0.9237976169524837, 0.9548632633719533, 0.9703384438729177]","[0.7896522367366596, 0.8303073745075009, 0.7842056935251346, 0.8092978444413954, 0.8037400548043351]","[0.9992851494009142, 0.9996904188068402, 0.9989318903790227, 0.9997542750853641, 0.999139678647146]","[2.7482876364017863, 2.8023710098901313, 2.706935200856641, 2.7639153828987126, 2.7732181773243987]",0.9561445582074715,0.8034406408030051,0.9993602824638576,2.758945481474334,0.031409696708848675
77,224,50,11,1,sqrt,False,gini,balanced_subsample,"[0.9569512461573444, 0.9455664741745338, 0.9182675999448321, 0.9489474901927355, 0.9648992066306618]","[0.8328920703412743, 0.8516531207315602, 0.8168425682208081, 0.8471304997833627, 0.8432170445100886]","[0.9997040786488292, 0.999720006240652, 0.9995102573537475, 0.9998075709570595, 0.9995370919865558]","[2.789547395147448, 2.796939601146746, 2.7346204255193878, 2.795885560933158, 2.8076533431273063]",0.9469264034200215,0.8383470607174187,0.9996558010373688,2.784929265174809,0.025818515749800392
78,226,50,10,10,sqrt,False,gini,balanced_subsample,"[0.9608476961326506, 0.9707723511661327, 0.9248325901898865, 0.9562908131485165, 0.9688480406714668]","[0.7759730240929072, 0.778078384937409, 0.7649546226927468, 0.7948936120591674, 0.7889152637049144]","[0.9991896202577968, 0.9996282103451273, 0.9985476707540027, 0.99970499836106, 0.9989304172001452]","[2.7360103404833547, 2.748478946448669, 2.688334883636636, 2.750889423568744, 2.7566937215765264]",0.9563182982617306,0.7805629814974291,0.9992001833836264,2.736081463142786,0.024809592479544968
79,174,47,11,1,sqrt,False,gini,balanced_subsample,"[0.9590661507129608, 0.94638407969159, 0.9182790106953953, 0.9467465048748686, 0.9684386109128508]","[0.831707542398055, 0.8502655319243958, 0.8177763510650954, 0.845395166129272, 0.8441576467811734]","[0.9997197399657116, 0.9997607962890062, 0.9994569385841389, 0.9998262171620576, 0.9994993086433169]","[2.7904934330767275, 2.796410407904992, 2.7355123003446296, 2.791967888166198, 2.8120955663373413]",0.9477828713775331,0.8378604476595983,0.9996526001288462,2.7852959191659776,0.026044926464019336
80,177,47,11,4,sqrt,False,gini,balanced_subsample,"[0.9625964644023266, 0.970232916367378, 0.9238235182153437, 0.9564991922346073, 0.972241129324197]","[0.7899055517199897, 0.8313423320321333, 0.7850506541193676, 0.8179805669756335, 0.810818945127331]","[0.9993937707037805, 0.999692170551929, 0.9987421959154662, 0.9997627202406253, 0.9991759729176263]","[2.751895786826097, 2.8012674189514404, 2.7076163682501773, 2.774242479450866, 2.782236047369154]",0.9570786441087705,0.8070196099948911,0.9993533660658855,2.7634516201695467,0.03209499845122381
81,139,50,10,1,sqrt,False,gini,balanced_subsample,"[0.9538184067534288, 0.9455872879517662, 0.918414562616755, 0.9436138702270963, 0.9655715592993738]","[0.8328049883182814, 0.852492204952342, 0.8192198466704977, 0.842892069364748, 0.8454864882229046]","[0.9996742448858115, 0.9997115572624441, 0.9994384611815249, 0.999802255873613, 0.9995697292271158]","[2.7862976399575214, 2.7977910501665524, 2.737072870468778, 2.786308195465457, 2.8106277767493943]",0.945401137369684,0.8385791195057548,0.999639249686102,2.7836195065615406,0.024945019882732712
82,171,45,11,1,sqrt,False,gini,balanced_subsample,"[0.9598599277447107, 0.9463579227311091, 0.9178706874322278, 0.9505027887818226, 0.9669480443639933]","[0.8279208871343109, 0.8489508966740903, 0.816965672422773, 0.8401834154138049, 0.8418427991469061]","[0.9997175874127661, 0.9997784725780722, 0.9993792613911953, 0.9998256195143226, 0.9995337544802898]","[2.7874984022917877, 2.7950872919832714, 2.734215621246196, 2.79051182370995, 2.8083245979911893]",0.9483078742107727,0.835172734158377,0.9996469390753291,2.783127547444479,0.02547129866408056
83,191,47,8,1,sqrt,False,gini,balanced_subsample,"[0.9568270579744336, 0.9463978870785422, 0.9162181697791361, 0.9456969335805994, 0.9672833770541783]","[0.8326789069983822, 0.8501547382517027, 0.8191112104943983, 0.844148809403356, 0.8470950711883694]","[0.9997254719271145, 0.9997589213654757, 0.9994338086917616, 0.99982106331309, 0.9994953940563032]","[2.7892314368999305, 2.796311546695721, 2.734763188965296, 2.7896668062970456, 2.8138738422988507]",0.9464846850933778,0.8386377472672418,0.999646931870749,2.7847693642313684,0.026551102484259743
84,155,47,8,2,sqrt,False,gini,balanced_subsample,"[0.9609895443921023, 0.955070005978818, 0.9221097186150213, 0.9527307177071449, 0.9708059973180184]","[0.8073882622787419, 0.8367828462809096, 0.8018295373816335, 0.8300754909907568, 0.8257276521846668]","[0.9995267955854998, 0.9997171596398923, 0.9990076421045312, 0.9997958639733971, 0.9992720811300635]","[2.767904602256344, 2.79157001189962, 2.722946898101186, 2.782602072671299, 2.7958057306327486]",0.9523411968022211,0.8203607578233416,0.9994639084866768,2.7721658631122397,0.026400544151028053
85,192,49,7,2,sqrt,False,gini,balanced_subsample,"[0.9569615846948847, 0.9473970193620191, 0.9215836849667327, 0.9527734894698284, 0.9717870914045338]","[0.8120822932405319, 0.8390299832923624, 0.8034424502246168, 0.8332565246619171, 0.8299068971402118]","[0.9995089069901688, 0.999693859756065, 0.9991491762481739, 0.99978842854427, 0.9992701360440841]","[2.7685527849255855, 2.7861208624104465, 2.7241753114395233, 2.7858184426760157, 2.8009641245888295]",0.9501005739795998,0.8235436297119281,0.9994821015165524,2.7731263052080797,0.026540572476755103
86,197,44,8,1,sqrt,False,gini,balanced_subsample,"[0.9551765725644384, 0.9448377492445579, 0.9151775750981832, 0.9483474484467314, 0.9663617266536658]","[0.8224765792055906, 0.8454773660545132, 0.8178861550396437, 0.8424963216318071, 0.8396439457598153]","[0.999705420684469, 0.9997647523804798, 0.9994489593298023, 0.9998341957016958, 0.9995083733416579]","[2.777358572454498, 2.790079867679551, 2.732512689467629, 2.790677965780234, 2.805514045755139]",0.9459802144015154,0.8335960735382739,0.9996523402876208,2.7792286282274103,0.02500254365241524
87,251,48,9,1,sqrt,False,entropy,balanced_subsample,"[0.9459572905230312, 0.9449904148556868, 0.9127109056970788, 0.9384131982948998, 0.948292996973079]","[0.8345021778027174, 0.8523906150231726, 0.8165874541033421, 0.8445543078301258, 0.8464396654773387]","[0.9959839141716823, 0.9995016814844974, 0.9858972939314375, 0.9996949831591572, 0.9995759577518725]","[2.776443382497431, 2.7968827113633568, 2.7151956537318584, 2.7826624892841827, 2.7943086202022904]",0.9380729612687551,0.8388948440473394,0.9961307660997294,2.773098571415824,0.029903028759804755
88,158,46,11,2,sqrt,False,gini,balanced_subsample,"[0.9569941068753031, 0.9584122843845979, 0.9229504039258428, 0.9573101029939649, 0.968926235659851]","[0.8051891278692548, 0.8419171912374204, 0.7956390296451298, 0.8305238534001095, 0.8217655021888014]","[0.999566514664205, 0.9997263240405344, 0.9989719903294219, 0.9997921812231897, 0.9993543621889363]","[2.7617497494087626, 2.8000557996625526, 2.7175614239003947, 2.787626137617264, 2.7900461000375887]",0.952918626767912,0.8190069408681433,0.9994822744892573,2.7714078421253125,0.029745045800262382
89,216,44,10,1,sqrt,False,gini,balanced_subsample,"[0.959873109085201, 0.9465530187665712, 0.9174738571763723, 0.953649806885946, 0.9693520821108939]","[0.8282768977356105, 0.8473799624412314, 0.814558079457748, 0.8431834476407526, 0.8400991396342151]","[0.9997109328560501, 0.9997619609675161, 0.9994779156653112, 0.999822601174812, 0.9995093507854217]","[2.7878609396768614, 2.7936949421753186, 2.7315098522994314, 2.796655855701511, 2.808960572530531]",0.9493803748049968,0.8346995053819114,0.9996565522898223,2.7837364324767306,0.027007287497974996
90,171,47,9,1,,False,gini,balanced_subsample,"[0.9334420220808797, 0.9277601545463746, 0.8943604615541545, 0.919473651693605, 0.9383091460902387]","[0.7527682121767691, 0.782741681908768, 0.7629021441185683, 0.7513752534215509, 0.7612368892605234]","[0.9756038276777257, 0.9705902075075712, 0.955235871724533, 0.9781932883843492, 0.9773415663207846]","[2.6618140619353747, 2.681092043962714, 2.612498477397256, 2.649042193499505, 2.6768876016715466]",0.9226690871930504,0.7622048361772359,0.9713929523229927,2.6562668756932792,0.024658237231730114
91,181,49,11,1,sqrt,False,gini,balanced_subsample,"[0.9559761839190608, 0.9446309524722096, 0.918479031793612, 0.9457801886099682, 0.9660978493050587]","[0.8317484284428059, 0.8499726419907455, 0.820231902963918, 0.847114927687516, 0.8453999374112209]","[0.9997073270893952, 0.9997270578431023, 0.999472849398656, 0.9998109466686751, 0.9995519537449075]","[2.7874319394512623, 2.7943306523060576, 2.738183784156186, 2.7927060629661593, 2.811049740461187]",0.9461928412199818,0.8388935676992413,0.9996540269489472,2.7847404358681707,0.02458604882744149
92,178,49,11,1,sqrt,False,gini,balanced_subsample,"[0.9559761839190608, 0.9446043900867519, 0.9182921159057615, 0.943620115915214, 0.9649097304931776]","[0.8317484284428059, 0.8493947094465952, 0.8201350472004887, 0.8445540560194776, 0.8443932809208948]","[0.9997066214597521, 0.9997276825257458, 0.9994677795480874, 0.9998081875227136, 0.9995530966334947]","[2.7874312338216187, 2.793726782059093, 2.7378949426543375, 2.787982359457405, 2.808856108047567]",0.9454805072639931,0.8380451044060525,0.9996526735379587,2.7831782852080047,0.023926425498740595
93,184,48,11,1,sqrt,False,gini,balanced_subsample,"[0.9598732696363333, 0.9455079286672097, 0.9180423573650178, 0.9475515829161929, 0.9661984199839497]","[0.8323933102660348, 0.8483606455539318, 0.8158949089884687, 0.8442403504567416, 0.8445784139273171]","[0.9997131872398635, 0.9997389279732186, 0.9994720699552417, 0.9998076515120929, 0.9995409454461438]","[2.7919797671422315, 2.79360750219436, 2.7334093363087284, 2.7915995848850272, 2.8103177793574106]",0.9474347117137407,0.8370935258384987,0.9996545564253122,2.7841827939775516,0.026327203297430404
94,203,17,10,1,sqrt,False,gini,balanced_subsample,"[0.9584320782839826, 0.9453801346125285, 0.9148670790659797, 0.936770691165162, 0.9527548621398456]","[0.7032691106084928, 0.7236918766273974, 0.6906270467618334, 0.7237048566808834, 0.7042625361507416]","[0.997605058728777, 0.998498728218862, 0.997308642464969, 0.9986481162354995, 0.9985327642589066]","[2.6593062476212523, 2.667570739458788, 2.6028027682927823, 2.659123664081545, 2.6555501625494937]",0.9416409690534996,0.7091110853658696,0.9981186619814029,2.648870716400772,0.02336914612947045
95,165,49,13,2,sqrt,False,gini,balanced_subsample,"[0.9559569053306173, 0.9474489601522635, 0.9211235753404068, 0.9524296017680756, 0.9718980312097437]","[0.8107989700667996, 0.8408091732777087, 0.7959455076248786, 0.8301518706136807, 0.8268262899393294]","[0.999512428638535, 0.9997039068183944, 0.9988909155330109, 0.9997872669159389, 0.9992927486254718]","[2.7662683040359517, 2.7879620402483667, 2.7159599984982963, 2.782368739297695, 2.798017069774545]",0.9497714147602213,0.8209063623044793,0.9994374533062702,2.7701152303709713,0.02896466028570084
96,149,46,9,1,sqrt,False,gini,balanced_subsample,"[0.9568191146595226, 0.9463951912453845, 0.9154996581222666, 0.9455939499415831, 0.9664290758990995]","[0.8304114222429574, 0.8500925989478769, 0.8142642429970803, 0.846276906791475, 0.8420582951407014]","[0.9997113889060993, 0.9997632965500728, 0.9994240444571428, 0.9998237787155384, 0.9995118888589013]","[2.7869419258085792, 2.796251086743334, 2.7291879455764896, 2.7916946354485965, 2.8079992598987022]",0.9461473979735713,0.8366206932240182,0.9996468794975509,2.7824149706951404,0.027516233989656674
97,166,45,12,1,sqrt,False,gini,balanced_subsample,"[0.9606770979252315, 0.9465628147474706, 0.9171889626401419, 0.9506604103795088, 0.9655127965455428]","[0.8268781579846347, 0.8466479611746794, 0.813038981580429, 0.8424838887207978, 0.8388671578665648]","[0.9997140051444603, 0.9997499030137385, 0.9993008440383399, 0.9998260031798811, 0.9995563621616793]","[2.7872692610543264, 2.7929606789358887, 2.7295287882589108, 2.792970302280188, 2.803936316573787]",0.9481204164475792,0.8335832294654212,0.99962942350762,2.78133306942062,0.02645923351621522
98,182,49,10,2,sqrt,False,gini,balanced_subsample,"[0.9559542215600375, 0.955401871308557, 0.9233888376163936, 0.9529604880241885, 0.9716056591933886]","[0.8105097932857355, 0.8415623184005743, 0.7992576264872436, 0.8320211178679955, 0.8280092221237138]","[0.9995165962979058, 0.9997301358887402, 0.9990029868945483, 0.9997907703417829, 0.9992589138819167]","[2.7659806111436787, 2.7966943255978713, 2.7216494509981857, 2.784772376233967, 2.798873795199019]",0.9518622155405131,0.8222720156330524,0.9994598806609787,2.7735941118345444,0.028474019892094773
99,272,47,8,1,sqrt,False,gini,balanced_subsample,"[0.9568936324224693, 0.9463858547285255, 0.9162352535039042, 0.9456141167735896, 0.9663713275652057]","[0.8339982148765834, 0.8506746651563133, 0.8183711826638267, 0.8459052698686286, 0.8463370144731539]","[0.9997098959044426, 0.9997589349373928, 0.999420280767034, 0.9998216369766433, 0.999454802876635]","[2.7906017432034953, 2.7968194548222316, 2.734026716934765, 2.7913410236188616, 2.8121631449149946]",0.9463000369987389,0.8390572694077012,0.9996331102924294,2.7849904166988693,0.026636062729581165
